arm,article_chars,capacity_retries,e2e_s,finished_at,instance,main_in,main_out,main_request_s,main_requests,started_at,status,sub_in,sub_out,sub_request_s,sub_requests,sub_reused
dense-dense,3046,0,2059.7,1790146146.9,1,248945,26051,226.3,6,1790144087.3,COMPLETE,1706621,6144,6056.1,12,0
dense-dense,3639,0,2163.6,1790146251.0,2,173526,21571,192.4,5,1790144087.3,COMPLETE,1815116,6144,6003.2,12,0
dense-dense,2571,0,1741.7,1790145829.0,3,181937,22085,177.1,5,1790144087.3,COMPLETE,1729305,6144,5172.8,12,0
dense-dense,3057,0,2420.9,1790146508.1,4,165184,22326,219.5,5,1790144087.3,COMPLETE,1688052,6144,7444.1,12,0
dense-dense,3508,0,1612.8,1790145700.1,5,158402,19205,167.8,5,1790144087.3,COMPLETE,1731673,6144,4910.5,12,0
dense-dense,0,0,1843.2,1790145930.5,6,136096,20259,150.6,5,1790144087.3,COMPLETE,1762573,6144,5839.4,12,0
dense-dense,2240,0,2446.4,1790146533.7,7,273407,34075,317.9,7,1790144087.3,COMPLETE,1779654,6144,6793.5,12,0
dense-dense,3580,0,1652.8,1790145740.1,8,176748,24139,206.8,5,1790144087.3,COMPLETE,1806405,6144,4720.7,12,0
dense-dense,2479,0,2259.5,1790146346.8,9,211337,29533,277.7,7,1790144087.3,COMPLETE,1806479,6144,6075.8,12,0
dense-dense,3951,0,1964.3,1790146051.6,10,167697,22218,187.2,5,1790144087.3,COMPLETE,1809492,6144,5858.0,12,0
dense-dense,2343,0,2218.8,1790167519.5,11,147658,24453,214.7,5,1790165300.7,COMPLETE,1807173,6144,6225.9,12,0
dense-dense,3049,0,2470.6,1790167771.3,12,206111,31479,281.4,6,1790165300.7,COMPLETE,1759063,6144,6836.3,12,0
dense-dense,3391,0,2446.2,1790167746.8,13,159209,21424,205.9,5,1790165300.6,COMPLETE,1808036,6144,7170.6,12,0
dense-dense,3521,0,2113.2,1790167413.8,14,174583,25020,211.2,5,1790165300.6,COMPLETE,1788525,6144,5883.3,12,0
dense-dense,4128,0,1894.6,1790167195.2,15,146344,21153,174.5,5,1790165300.6,COMPLETE,1710308,6144,5268.8,12,0
dense-dense,2110,0,1839.2,1790167139.8,16,147942,20341,168.1,5,1790165300.6,COMPLETE,1805454,6144,4606.0,12,0
dense-dense,2686,0,1763.2,1790167063.9,17,184967,18650,164.6,5,1790165300.6,COMPLETE,1808249,6144,5318.1,12,0
dense-dense,3453,0,2403.9,1790167704.5,18,153051,19342,175.6,5,1790165300.6,COMPLETE,1785015,6144,6814.9,12,0
dense-dense,3406,0,1579.7,1790166880.3,19,194838,19952,168.9,5,1790165300.6,COMPLETE,1811676,6144,4725.6,12,0
dense-dense,3189,0,1991.3,1790167292.0,20,152879,20568,184.6,5,1790165300.7,COMPLETE,1811712,6144,6038.4,12,0
dense-dense,2865,0,2079.9,1790169853.6,21,217204,29077,242.5,6,1790167773.7,COMPLETE,1808543,6119,5986.9,12,0
dense-dense,2696,0,1612.9,1790169386.6,22,162909,19123,153.3,5,1790167773.7,COMPLETE,1776314,6144,5094.0,12,0
dense-dense,3131,0,1903.8,1790169677.5,23,123906,21940,166.1,5,1790167773.7,COMPLETE,1286878,6144,5734.9,12,0
dense-dense,2440,0,1807.2,1790169580.9,24,189964,20533,168.0,5,1790167773.7,COMPLETE,1783266,6144,5716.2,12,0
dense-dense,3800,0,1497.9,1790169271.6,25,148437,21281,170.9,5,1790167773.7,COMPLETE,1804899,6144,4649.8,12,0
dense-dense,2794,0,1738.3,1790169512.0,26,165304,25466,197.6,5,1790167773.7,COMPLETE,1804789,6144,5206.8,12,0
dense-dense,2697,0,2122.4,1790169896.1,27,146584,19829,170.9,5,1790167773.7,COMPLETE,1800834,6144,6569.3,12,0
dense-dense,3113,0,2236.5,1790170010.2,28,156288,20568,170.8,5,1790167773.7,COMPLETE,1806210,6144,7006.6,12,0
dense-dense,3779,0,2358.6,1790170132.2,29,195187,30464,258.9,6,1790167773.7,COMPLETE,1808372,6144,7168.5,12,0
dense-dense,3887,0,2386.8,1790170160.4,30,174679,21966,192.9,5,1790167773.7,COMPLETE,1750335,6144,7263.5,12,0
dense-dense,1674,0,1713.5,1790171876.2,31,164130,20517,196.7,5,1790170162.8,COMPLETE,1753941,6144,4604.8,12,0
dense-dense,3678,0,1515.1,1790171677.9,32,217831,39448,311.3,7,1790170162.8,COMPLETE,1737932,6144,4005.7,12,0
dense-dense,2570,0,2157.5,1790172320.3,33,210597,29832,257.3,6,1790170162.8,COMPLETE,1795286,6144,6411.5,12,0
dense-dense,3582,0,2378.3,1790172541.1,34,251448,30888,259.8,7,1790170162.8,COMPLETE,1807145,6144,6385.0,12,0
dense-dense,2649,0,1987.9,1790172150.7,35,184145,25728,195.2,6,1790170162.8,COMPLETE,1655986,6144,6033.3,12,0
dense-dense,2338,0,1859.0,1790172021.8,36,171273,19629,155.3,5,1790170162.8,COMPLETE,1777652,6144,5877.0,12,0
dense-dense,3461,0,2181.9,1790172344.6,37,189629,19500,177.5,5,1790170162.8,COMPLETE,1534575,6144,6476.3,12,0
dense-dense,0,0,2343.3,1790172506.1,38,139618,23705,215.6,5,1790170162.8,COMPLETE,1547568,6144,5454.4,12,0
dense-dense,3705,0,1414.2,1790171577.0,39,162941,23798,198.8,5,1790170162.8,COMPLETE,1805939,6144,4009.2,12,0
dense-dense,2159,0,1726.7,1790171889.5,40,149693,17500,164.1,5,1790170162.8,COMPLETE,1664119,6144,4934.1,12,0
dense-dense,0,0,2190.2,1790174733.7,41,203208,31110,280.9,6,1790172543.5,COMPLETE,1680392,6144,5997.4,12,0
dense-dense,2751,0,2125.6,1790174669.1,42,175082,20103,176.8,5,1790172543.5,COMPLETE,1702313,6144,6031.4,12,0
dense-dense,3341,0,1911.5,1790174455.0,43,174356,20214,193.8,5,1790172543.5,COMPLETE,1674404,6144,5640.7,12,0
dense-dense,2156,0,1435.2,1790173978.8,44,210187,23549,213.2,6,1790172543.5,COMPLETE,1739705,6144,3741.0,12,0
dense-dense,2110,0,2284.0,1790174827.5,45,156967,19893,195.0,5,1790172543.5,COMPLETE,1798782,6144,6456.0,12,0
dense-dense,2967,0,1569.0,1790174112.5,46,314968,40228,343.7,8,1790172543.5,COMPLETE,1693372,6144,3998.1,12,0
dense-dense,2059,0,2290.1,1790174833.6,47,191342,33408,296.0,6,1790172543.5,COMPLETE,1629822,6144,7059.2,12,0
dense-dense,3551,0,1627.8,1790174171.2,48,138209,20398,167.4,5,1790172543.5,COMPLETE,1426987,6144,4475.6,12,0
dense-dense,2229,0,1795.0,1790174338.5,49,162313,20365,187.3,5,1790172543.5,COMPLETE,1717300,6144,5331.4,12,0
dense-dense,3005,0,1702.6,1790174246.1,50,256465,37862,325.0,7,1790172543.5,COMPLETE,1669783,6144,4635.8,12,0
dense-dense,8040,0,1306.3,1790268910.7,51,161401,21417,216.5,5,1790267604.4,COMPLETE,1418586,6144,3630.4,12,0
dense-dense,8788,0,1007.3,1790268611.7,52,129349,19712,204.0,5,1790267604.4,COMPLETE,1264939,6144,2265.9,12,0
dense-dense,9717,0,1399.2,1790269003.6,53,133611,22209,212.3,5,1790267604.4,COMPLETE,1239774,6144,3740.5,12,0
dense-dense,8356,0,1773.4,1790269377.8,54,258031,31035,360.3,7,1790267604.4,COMPLETE,1558151,6144,4743.2,12,0
dense-dense,8463,0,1220.2,1790268824.7,55,133547,18846,176.5,5,1790267604.4,COMPLETE,1446998,6140,3321.2,12,0
dense-dense,5981,0,1766.0,1790269370.4,56,183523,35263,394.6,7,1790267604.4,COMPLETE,620131,6139,4744.4,12,0
dense-dense,9105,0,1775.9,1790269380.3,57,224860,38986,400.6,7,1790267604.4,COMPLETE,1415927,6144,4417.7,12,0
dense-dense,8918,0,1130.9,1790268735.3,58,183920,22892,228.5,5,1790267604.4,COMPLETE,1710371,6144,2856.7,12,0
dense-dense,8041,0,1473.7,1790269078.1,59,135727,22633,222.5,5,1790267604.4,COMPLETE,1351961,6144,4198.3,12,0
dense-dense,8613,0,1572.0,1790269176.4,60,116187,22756,212.2,5,1790267604.4,COMPLETE,1290262,6144,3930.8,12,0
dense-dense,,,,,61,,,,,,FAILED,,,,,
dense-dense,10578,0,1027.3,1790278208.5,62,143949,22892,315.8,5,1790277181.2,COMPLETE,1050031,6144,1306.9,12,0
dense-dense,6563,0,584.0,1790277765.2,63,143739,19327,211.3,5,1790277181.2,COMPLETE,460678,5791,764.5,12,0
dense-dense,7460,0,973.7,1790278154.8,64,97433,20243,273.7,5,1790277181.1,COMPLETE,488078,5701,1286.5,12,0
dense-dense,8733,0,695.2,1790277876.4,65,127127,19873,215.2,5,1790277181.1,COMPLETE,1202687,6144,1151.7,12,0
dense-dense,6704,0,999.9,1790278181.0,66,173233,31905,384.7,6,1790277181.1,COMPLETE,777014,6144,1909.7,12,0
dense-dense,0,0,948.7,1790278130.0,67,104452,23677,275.5,5,1790277181.2,COMPLETE,556730,5972,1043.6,12,0
dense-dense,9091,0,561.4,1790277742.6,68,163805,20833,218.3,5,1790277181.1,COMPLETE,941930,6144,740.7,12,0
dense-dense,7249,0,1027.5,1790278208.7,69,245622,36486,437.1,7,1790277181.2,COMPLETE,833481,6144,1578.0,12,0
dense-dense,8710,0,1062.5,1790278243.7,70,218880,29560,374.1,6,1790277181.2,COMPLETE,918808,6144,1593.8,12,0
dense-dense,10317,0,1616.0,1790241533.1,71,181758,22777,202.1,5,1790239917.1,COMPLETE,1811392,6144,4529.6,12,0
dense-dense,8811,0,1838.2,1790241755.3,72,241291,39593,316.7,7,1790239917.1,COMPLETE,1700173,6144,4956.4,12,0
dense-dense,11688,0,2343.9,1790242261.0,73,174422,22039,205.5,5,1790239917.2,COMPLETE,1703279,6144,7214.2,12,0
dense-dense,9534,0,1887.2,1790241804.4,74,218595,26866,251.1,6,1790239917.2,COMPLETE,1765940,6144,5355.7,12,0
dense-dense,8067,0,1910.8,1790241827.9,75,165280,20453,188.0,5,1790239917.1,COMPLETE,1765800,6144,5478.1,12,0
dense-dense,9087,0,1499.6,1790241416.8,76,210971,28913,220.0,6,1790239917.2,COMPLETE,1805276,6144,4525.0,12,0
dense-dense,7664,0,2271.3,1790242188.5,77,167517,22061,202.6,5,1790239917.2,COMPLETE,1806416,6144,6333.5,12,0
dense-dense,10483,0,2004.1,1790241921.3,78,141938,19826,164.1,5,1790239917.2,COMPLETE,1676317,6144,6054.3,12,0
dense-dense,12196,0,2383.4,1790242300.6,79,224530,41645,359.4,7,1790239917.2,COMPLETE,1725667,6144,6545.1,12,0
dense-dense,6216,0,2198.3,1790242115.5,80,211533,29481,247.5,6,1790239917.2,COMPLETE,1757941,6144,5854.2,12,0
dense-dense,8923,0,2151.7,1790251452.9,81,224876,37653,392.7,7,1790249301.2,COMPLETE,1572965,6144,5983.1,12,0
dense-dense,9821,0,1966.6,1790251267.8,82,155846,22684,248.6,5,1790249301.2,COMPLETE,1643971,6144,5372.2,12,0
dense-dense,9059,0,1753.7,1790251054.8,83,178418,21758,246.7,5,1790249301.1,COMPLETE,1695332,6144,4003.9,12,0
dense-dense,8208,0,1672.5,1790250973.7,84,150885,24957,277.5,5,1790249301.2,COMPLETE,1381726,6144,4022.0,12,0
dense-dense,9469,0,1615.9,1790250917.0,85,155467,22939,250.2,5,1790249301.1,COMPLETE,1609823,6144,3518.6,12,0
dense-dense,8027,0,2169.3,1790251470.4,86,187777,22546,273.3,5,1790249301.1,COMPLETE,1639333,6144,3731.8,12,0
dense-dense,9879,0,2131.3,1790251432.6,87,257759,33927,365.9,7,1790249301.2,COMPLETE,1795888,6144,5597.8,12,0
dense-dense,7431,0,1092.4,1790250393.5,88,163058,20858,217.8,5,1790249301.1,COMPLETE,988105,6144,2341.1,12,0
dense-dense,9274,0,1377.0,1790250678.2,89,136841,22557,219.9,5,1790249301.2,COMPLETE,1631372,6144,3369.3,12,0
dense-dense,10646,0,1872.1,1790251173.2,90,167805,21558,241.1,5,1790249301.1,COMPLETE,1624285,6144,4615.8,12,0
dense-dense,5423,0,1418.6,1790259288.0,91,129725,23281,192.8,5,1790257869.5,COMPLETE,1012974,6144,3115.7,12,0
dense-dense,5690,0,1966.9,1790259836.4,92,234270,35427,317.4,7,1790257869.5,COMPLETE,1494593,6144,4469.6,12,0
dense-dense,8414,0,1287.4,1790259156.9,93,187566,22851,223.5,5,1790257869.5,COMPLETE,1735270,6144,3286.1,12,0
dense-dense,10906,0,1507.5,1790259377.0,94,147239,28000,231.9,5,1790257869.5,COMPLETE,1631721,6144,3562.1,12,0
dense-dense,7351,0,1893.2,1790259762.6,95,150899,20753,234.4,5,1790257869.5,COMPLETE,1436240,6144,4434.4,12,0
dense-dense,7028,0,1056.0,1790258925.5,96,183823,28273,226.3,6,1790257869.5,COMPLETE,1455801,6144,2445.6,12,0
dense-dense,7322,0,1153.4,1790259022.9,97,133146,18738,144.9,5,1790257869.5,COMPLETE,989506,6144,2676.8,12,0
dense-dense,7691,0,1910.6,1790259780.1,98,202444,29738,311.1,6,1790257869.5,COMPLETE,1512407,6144,4678.8,12,0
dense-dense,7740,0,1919.7,1790259789.2,99,164589,18774,227.3,5,1790257869.5,COMPLETE,1577594,6144,4314.1,12,0
dense-dense,12895,0,1953.4,1790259822.9,100,240043,38654,373.4,7,1790257869.5,COMPLETE,1674534,6144,4166.8,12,0
omnikv-dense,2878,0,1860.0,1790162200.3,1,176896,20057,162.2,5,1790160340.3,COMPLETE,1713545,6144,5436.4,12,0
omnikv-dense,3531,0,2438.2,1790162778.5,2,152127,21359,179.1,5,1790160340.3,COMPLETE,1743839,6144,7583.7,12,0
omnikv-dense,3077,0,1551.8,1790161892.1,3,156623,21531,164.1,5,1790160340.3,COMPLETE,1810937,6144,4546.0,12,0
omnikv-dense,3936,0,2407.2,1790162747.5,4,200708,29313,237.6,6,1790160340.3,COMPLETE,1762617,6144,6949.9,12,0
omnikv-dense,3626,0,2124.5,1790162464.8,5,220298,29635,217.0,6,1790160340.3,COMPLETE,1780101,6144,6356.4,12,0
omnikv-dense,3654,0,2177.0,1790162517.3,6,166689,19986,159.2,5,1790160340.3,COMPLETE,1801560,6144,6918.4,12,0
omnikv-dense,2287,0,1974.1,1790162314.4,7,172240,20390,159.2,5,1790160340.3,COMPLETE,1737235,6144,6057.7,12,0
omnikv-dense,3474,0,1762.9,1790162103.2,8,139738,22943,178.4,5,1790160340.3,COMPLETE,1807466,6144,5263.9,12,0
omnikv-dense,2970,0,1645.2,1790161985.5,9,181547,18700,145.6,5,1790160340.3,COMPLETE,1806157,6144,4713.0,12,0
omnikv-dense,2996,0,2326.0,1790162666.3,10,262658,37067,288.6,7,1790160340.3,COMPLETE,1811102,6144,6519.5,12,0
omnikv-dense,3152,0,1597.2,1790184888.9,11,163499,22504,183.5,5,1790183291.7,COMPLETE,1611405,6144,4483.2,12,0
omnikv-dense,3635,0,2174.5,1790185466.1,12,200165,30297,242.9,6,1790183291.7,COMPLETE,1518627,6144,6003.4,12,0
omnikv-dense,2057,0,2005.0,1790185296.7,13,133349,20755,174.1,5,1790183291.7,COMPLETE,1444582,6144,6129.8,12,0
omnikv-dense,3352,0,1884.5,1790185176.2,14,143814,24561,219.3,5,1790183291.7,COMPLETE,1447449,6144,4565.4,12,0
omnikv-dense,3997,0,1977.8,1790185269.5,15,156487,29367,257.1,6,1790183291.7,COMPLETE,1688368,6144,5120.4,12,0
omnikv-dense,3462,0,1503.8,1790184795.5,16,149719,24362,195.7,5,1790183291.7,COMPLETE,1598489,6144,4366.0,12,0
omnikv-dense,3078,0,1921.1,1790185212.9,17,184928,20651,199.8,5,1790183291.7,COMPLETE,1647415,6144,5122.4,12,0
omnikv-dense,2661,0,2188.9,1790185480.6,18,176115,28126,218.7,6,1790183291.7,COMPLETE,1585676,6144,6067.8,12,0
omnikv-dense,3476,0,1369.9,1790184661.6,19,162418,19869,161.3,5,1790183291.7,COMPLETE,1542930,6144,3674.8,12,0
omnikv-dense,3237,0,1172.7,1790184464.4,20,139498,17306,136.5,5,1790183291.7,COMPLETE,1576637,6144,3002.0,12,0
omnikv-dense,2823,0,2423.6,1790191971.3,21,278931,39204,332.4,7,1790189547.6,COMPLETE,1681227,6144,7397.1,12,0
omnikv-dense,3189,0,1853.6,1790191401.2,22,318969,42214,329.3,8,1790189547.6,COMPLETE,1810367,6144,4718.9,12,0
omnikv-dense,2823,0,1836.0,1790191383.7,23,169008,24282,204.8,6,1790189547.7,COMPLETE,1737841,6144,5279.0,12,0
omnikv-dense,2960,0,2174.6,1790191722.2,24,298298,37225,319.0,7,1790189547.7,COMPLETE,1803152,6144,6230.3,12,0
omnikv-dense,4263,0,1490.9,1790191038.5,25,169647,24388,185.3,5,1790189547.7,COMPLETE,1805028,6144,4747.0,12,0
omnikv-dense,4044,0,1668.1,1790191215.7,26,179867,28081,195.9,6,1790189547.6,COMPLETE,1805789,6144,5076.3,12,0
omnikv-dense,3537,0,2151.3,1790191699.0,27,175057,18616,172.4,5,1790189547.7,COMPLETE,1778883,6144,6698.3,12,0
omnikv-dense,2338,0,2264.5,1790191812.1,28,173804,21502,181.0,5,1790189547.6,COMPLETE,1806936,6144,7189.6,12,0
omnikv-dense,2481,0,2395.0,1790191942.6,29,131480,24332,198.6,5,1790189547.6,COMPLETE,1794738,6144,7726.8,12,0
omnikv-dense,3073,0,1951.4,1790191499.1,30,150424,19419,161.3,5,1790189547.7,COMPLETE,1745856,6144,6005.4,12,0
omnikv-dense,2882,0,2223.7,1790198572.0,31,146192,20424,174.6,5,1790196348.3,COMPLETE,1766667,6144,6245.7,12,0
omnikv-dense,3605,0,1802.2,1790198150.5,32,154206,21451,180.8,5,1790196348.3,COMPLETE,1726482,6144,4847.6,12,0
omnikv-dense,2883,0,2005.5,1790198353.8,33,147595,21739,185.2,5,1790196348.3,COMPLETE,1719519,6144,5897.3,12,0
omnikv-dense,3597,0,2346.6,1790198694.8,34,165503,20012,182.2,5,1790196348.3,COMPLETE,1808730,6144,6824.0,12,0
omnikv-dense,3322,0,1606.0,1790197954.3,35,170620,20237,173.1,5,1790196348.3,COMPLETE,1767176,6144,4347.3,12,0
omnikv-dense,2390,0,1471.3,1790197819.6,36,162008,21732,160.2,5,1790196348.3,COMPLETE,1756994,6144,4354.6,12,0
omnikv-dense,3386,0,2353.8,1790198702.2,37,199425,25113,230.8,6,1790196348.3,COMPLETE,1749092,6058,6934.2,12,0
omnikv-dense,4679,0,1911.8,1790198260.1,38,157333,22106,182.9,5,1790196348.3,COMPLETE,1650590,6144,5834.9,12,0
omnikv-dense,3218,0,1733.9,1790198082.2,39,154980,19593,158.4,5,1790196348.3,COMPLETE,1797048,6144,5025.2,12,0
omnikv-dense,2626,0,2126.2,1790198474.5,40,119289,20035,177.4,5,1790196348.3,COMPLETE,1474276,6144,5854.3,12,0
omnikv-dense,3012,0,1880.4,1790204945.8,41,151039,26017,204.1,5,1790203065.4,COMPLETE,1741400,6144,5274.6,12,0
omnikv-dense,2182,0,2319.8,1790205385.2,42,204648,28936,272.2,6,1790203065.3,COMPLETE,1584288,6144,6580.1,12,0
omnikv-dense,2879,0,1710.1,1790204775.4,43,171654,20641,173.6,5,1790203065.4,COMPLETE,1666488,6144,4791.0,12,0
omnikv-dense,771,0,2070.9,1790205136.2,44,170481,21245,189.4,5,1790203065.4,COMPLETE,1716396,6144,6000.7,12,0
omnikv-dense,3182,0,1976.5,1790205041.9,45,172096,23893,203.5,5,1790203065.4,COMPLETE,1806148,6144,5733.3,12,0
omnikv-dense,2378,0,1420.4,1790204485.9,46,173665,19771,170.4,5,1790203065.4,COMPLETE,1808856,6144,4044.1,12,0
omnikv-dense,2467,0,2285.1,1790205350.5,47,189070,30356,278.0,6,1790203065.4,COMPLETE,1660239,6144,6789.5,12,0
omnikv-dense,3349,0,1534.0,1790204599.4,48,169595,19864,159.7,5,1790203065.4,COMPLETE,1731177,6144,4524.3,12,0
omnikv-dense,2952,0,1751.9,1790204817.3,49,148102,20155,166.8,5,1790203065.4,COMPLETE,1778675,6144,4908.8,12,0
omnikv-dense,2845,0,2181.4,1790205246.9,50,204707,28121,240.7,6,1790203065.4,COMPLETE,1616072,6144,6595.1,12,0
omnikv-dense,9998,0,1908.5,1790211514.0,51,203687,29236,295.4,6,1790209605.6,COMPLETE,1730881,6144,4925.7,12,0
omnikv-dense,10144,0,1422.4,1790211028.0,52,151406,18691,164.2,5,1790209605.6,COMPLETE,1581241,6144,3961.0,12,0
omnikv-dense,8214,0,2011.9,1790211617.5,53,145557,22601,219.5,5,1790209605.6,COMPLETE,1440167,6144,5505.1,12,0
omnikv-dense,6910,0,1792.5,1790211398.1,54,197323,24528,239.9,6,1790209605.6,COMPLETE,1590347,6144,5080.8,12,0
omnikv-dense,9138,0,1683.7,1790211289.3,55,189827,20745,190.0,5,1790209605.6,COMPLETE,1674324,6144,4747.3,12,0
omnikv-dense,8184,0,1584.4,1790211190.0,56,144748,25534,239.2,6,1790209605.6,COMPLETE,798337,6144,4259.5,12,0
omnikv-dense,9466,0,2041.6,1790211647.2,57,183036,30907,278.9,6,1790209605.6,COMPLETE,1437739,6144,5861.1,12,0
omnikv-dense,10052,0,1321.2,1790210926.8,58,165426,21964,190.9,5,1790209605.6,COMPLETE,1762080,6144,3558.4,12,0
omnikv-dense,6874,0,1490.4,1790211096.0,59,147461,18851,175.4,5,1790209605.6,COMPLETE,1494670,6144,4399.3,12,0
omnikv-dense,0,0,1078.4,1790210684.0,60,135747,19336,167.8,5,1790209605.6,COMPLETE,1651142,6144,2743.5,12,0
omnikv-dense,9275,0,1840.3,1790239233.3,61,173868,21147,198.5,5,1790237393.0,COMPLETE,1748131,6144,5538.2,12,0
omnikv-dense,9291,0,1520.3,1790238913.3,62,157015,20277,152.0,5,1790237393.0,COMPLETE,1808331,6144,4580.9,12,0
omnikv-dense,5084,0,2417.7,1790239810.7,63,143194,19692,179.0,5,1790237393.0,COMPLETE,1738969,6144,7017.3,12,0
omnikv-dense,8929,0,2419.3,1790239812.3,64,170029,22056,205.5,5,1790237393.0,COMPLETE,1759513,6144,6190.0,12,0
omnikv-dense,9745,0,1625.5,1790239018.5,65,154888,19722,145.9,5,1790237393.0,COMPLETE,1779143,6144,5037.7,12,0
omnikv-dense,7525,0,1807.2,1790239200.2,66,190143,30227,216.9,6,1790237393.0,COMPLETE,1774964,6144,5311.7,12,0
omnikv-dense,9150,0,2163.1,1790239556.1,67,212506,38658,314.9,7,1790237393.0,COMPLETE,1805383,6144,5246.2,12,0
omnikv-dense,7809,0,2295.5,1790239688.5,68,237287,28060,258.8,6,1790237393.0,COMPLETE,1732458,6144,6883.7,12,0
omnikv-dense,8523,0,2004.4,1790239397.4,69,179500,20758,189.1,5,1790237393.0,COMPLETE,1809143,6144,5513.7,12,0
omnikv-dense,8484,0,2052.5,1790239445.6,70,177669,18825,173.8,5,1790237393.0,COMPLETE,1710750,6144,5333.3,12,0
omnikv-dense,11202,0,1989.8,1790248830.7,71,172669,20282,158.9,5,1790246840.8,COMPLETE,1743858,6144,5523.7,12,0
omnikv-dense,7203,0,2339.5,1790249180.3,72,175293,27421,256.9,6,1790246840.8,COMPLETE,1756701,6144,5658.9,12,0
omnikv-dense,9940,0,1882.3,1790248723.1,73,169385,18363,153.4,5,1790246840.8,COMPLETE,1749138,6144,5283.3,12,0
omnikv-dense,10919,0,1763.8,1790248604.6,74,176232,19256,164.6,5,1790246840.8,COMPLETE,1807230,6144,4363.5,12,0
omnikv-dense,8943,0,1782.9,1790248623.7,75,198041,26570,200.1,6,1790246840.8,COMPLETE,1791317,6144,4308.1,12,0
omnikv-dense,7173,0,1584.9,1790248425.7,76,229039,27793,188.9,6,1790246840.8,COMPLETE,1786638,6144,3625.5,12,0
omnikv-dense,8150,0,1447.9,1790248288.8,77,169617,21039,154.5,5,1790246840.8,COMPLETE,1806444,6144,4087.2,12,0
omnikv-dense,10513,0,2273.1,1790249114.0,78,238076,35800,279.6,7,1790246840.8,COMPLETE,1620343,6144,5880.2,12,0
omnikv-dense,11564,0,2318.1,1790249159.0,79,165109,22328,219.9,5,1790246840.8,COMPLETE,1689590,6144,6615.5,12,0
omnikv-dense,7996,0,2355.0,1790249195.9,80,223642,25088,224.3,6,1790246840.8,COMPLETE,1674503,6144,7123.9,12,0
omnikv-dense,7818,0,1171.3,1790256971.0,81,126384,22451,184.6,5,1790255799.7,COMPLETE,1628442,6144,2644.9,12,0
omnikv-dense,12247,0,1787.8,1790257587.5,82,154143,19752,155.9,5,1790255799.7,COMPLETE,1513271,6144,4955.7,12,0
omnikv-dense,0,0,1723.1,1790257522.8,83,213800,29848,215.4,6,1790255799.7,COMPLETE,1723520,6144,4522.8,12,0
omnikv-dense,8595,0,1965.0,1790257764.8,84,146925,19259,148.7,5,1790255799.7,COMPLETE,1344551,6144,1860.0,12,0
omnikv-dense,8340,0,1198.4,1790256998.2,85,168562,19307,168.4,5,1790255799.7,COMPLETE,1540320,6144,2858.8,12,0
omnikv-dense,9127,0,1919.1,1790257718.8,86,224747,29850,232.5,6,1790255799.7,COMPLETE,1540807,6144,4851.9,12,0
omnikv-dense,9527,0,1457.3,1790257257.0,87,158168,22219,172.2,5,1790255799.7,COMPLETE,1574518,6144,3771.1,12,0
omnikv-dense,7084,0,1258.0,1790257057.8,88,209946,27167,213.0,6,1790255799.8,COMPLETE,679605,6144,2984.2,12,0
omnikv-dense,8050,0,1586.0,1790257385.7,89,125520,18706,154.7,5,1790255799.7,COMPLETE,1448985,6144,3510.3,12,0
omnikv-dense,8938,0,1347.5,1790257147.2,90,168218,16715,131.6,5,1790255799.7,COMPLETE,1650673,6144,3627.7,12,0
omnikv-dense,9754,0,1441.6,1790265506.5,91,188363,30102,244.3,6,1790264064.9,COMPLETE,1101917,6144,3589.4,12,0
omnikv-dense,5395,0,1693.0,1790265757.9,92,158293,20222,190.0,5,1790264064.9,COMPLETE,1293161,6144,4575.1,12,0
omnikv-dense,8679,0,1558.2,1790265623.1,93,168966,21734,177.6,5,1790264064.9,COMPLETE,1646249,6144,4205.8,12,0
omnikv-dense,7080,0,1345.4,1790265410.3,94,132365,19064,157.1,5,1790264064.9,COMPLETE,1249291,6144,3254.9,12,0
omnikv-dense,9229,0,1171.9,1790265236.8,95,210294,27591,197.5,6,1790264064.9,COMPLETE,1562614,6144,2826.3,12,0
omnikv-dense,7570,0,1052.9,1790265117.8,96,155860,18297,134.1,5,1790264064.9,COMPLETE,1321992,6144,2514.6,12,0
omnikv-dense,7896,0,1696.9,1790265761.9,97,122139,18969,173.1,5,1790264064.9,COMPLETE,786250,6041,3698.0,12,0
omnikv-dense,7864,0,969.1,1790265034.0,98,170312,22553,167.1,5,1790264064.9,COMPLETE,1174753,6144,2242.9,12,0
omnikv-dense,10534,0,1680.0,1790265745.0,99,186108,26797,256.1,6,1790264064.9,COMPLETE,1321759,6144,4492.4,12,0
omnikv-dense,7557,0,1262.4,1790265327.3,100,158934,21770,182.2,5,1790264064.9,COMPLETE,1674615,6144,3347.1,12,0
dense-h2o,3681,0,984.3,1790160236.3,1,262899,38484,547.7,7,1790159252.0,COMPLETE,1746676,6144,710.5,12,831219
dense-h2o,2456,2,849.8,1790160101.8,2,197583,28886,443.9,6,1790159252.0,COMPLETE,1714750,6144,544.4,12,994334
dense-h2o,3481,0,729.3,1790159981.3,3,138529,21022,366.0,5,1790159252.0,COMPLETE,1791214,6144,634.6,12,829238
dense-h2o,3146,2,750.5,1790160002.6,4,178609,20879,360.4,5,1790159252.0,COMPLETE,1672551,6144,641.0,12,952953
dense-h2o,2858,0,713.1,1790159965.2,5,161627,18920,343.2,5,1790159252.0,COMPLETE,1806559,6144,620.7,12,846731
dense-h2o,3934,3,756.8,1790160008.9,6,155431,20361,337.0,5,1790159252.1,COMPLETE,1786360,6144,738.3,12,1064844
dense-h2o,2237,2,895.7,1790160147.7,7,235642,31516,461.9,7,1790159252.0,COMPLETE,1736620,6144,546.1,12,1017075
dense-h2o,3913,0,862.1,1790160114.1,8,199294,30111,483.9,6,1790159252.0,COMPLETE,1807481,6144,695.4,12,846897
dense-h2o,2110,0,645.7,1790159897.8,9,220483,28633,390.1,6,1790159252.0,COMPLETE,1805571,6144,402.0,12,724780
dense-h2o,3591,1,876.0,1790160128.1,10,201147,32277,497.1,6,1790159252.0,COMPLETE,1778819,6144,605.6,12,1060363
dense-h2o,3104,0,780.9,1790181375.5,11,213045,26087,405.1,6,1790180594.5,COMPLETE,1805795,6144,774.8,12,724670
dense-h2o,0,7,934.0,1790181528.5,12,206844,28698,419.1,6,1790180594.5,COMPLETE,1753164,6144,946.3,12,971939
dense-h2o,4134,25,872.4,1790181466.9,13,171789,26229,363.1,6,1790180594.5,COMPLETE,1808876,6144,1055.3,12,970116
dense-h2o,4406,61,840.7,1790181435.2,14,219734,27259,415.6,6,1790180594.5,COMPLETE,1809420,6144,927.0,12,970298
dense-h2o,4343,20,711.3,1790181305.8,15,149802,19001,299.7,5,1790180594.5,COMPLETE,1800012,6144,865.1,12,959746
dense-h2o,4804,24,748.8,1790181343.3,16,159137,21466,351.0,5,1790180594.6,COMPLETE,1805701,6144,867.7,12,845851
dense-h2o,2840,1,815.4,1790181410.0,17,232436,26655,415.9,6,1790180594.5,COMPLETE,1747361,6144,720.5,12,725652
dense-h2o,3929,8,1276.4,1790181870.9,18,160257,23930,284.6,6,1790180594.5,COMPLETE,1780138,6144,427.0,12,941230
dense-h2o,4212,46,769.9,1790181364.5,19,181822,20459,343.8,5,1790180594.6,COMPLETE,1795116,6144,911.4,12,957257
dense-h2o,4210,0,715.6,1790181310.2,20,177549,22467,356.8,5,1790180594.5,COMPLETE,1810200,6092,945.5,12,970421
dense-h2o,2376,24,846.1,1790188283.2,21,238116,30807,476.2,6,1790187437.1,COMPLETE,1810406,6144,811.1,12,971508
dense-h2o,2790,25,626.4,1790188063.5,22,172305,20167,302.7,5,1790187437.1,COMPLETE,1807286,6144,1009.1,12,603857
dense-h2o,4341,41,811.4,1790188248.5,23,133881,21887,366.1,5,1790187437.1,COMPLETE,1553680,6144,857.0,12,934682
dense-h2o,3001,36,708.1,1790188145.2,24,182870,18208,327.4,5,1790187437.1,COMPLETE,1732425,6067,803.6,12,1014671
dense-h2o,3042,0,674.7,1790188111.8,25,159305,20928,342.4,5,1790187437.2,COMPLETE,1809296,6144,921.1,12,971033
dense-h2o,3189,0,717.9,1790188155.0,26,172253,24680,395.4,5,1790187437.1,COMPLETE,1805235,6144,688.1,12,724414
dense-h2o,2782,63,803.1,1790188240.1,27,154737,24380,409.1,5,1790187437.1,COMPLETE,1810763,6117,1039.6,12,1093211
dense-h2o,2484,16,661.4,1790188098.5,28,177914,19200,316.5,5,1790187437.1,COMPLETE,1806310,6144,834.7,12,846854
dense-h2o,2814,13,863.5,1790188300.6,29,205777,40740,582.3,7,1790187437.1,COMPLETE,1806819,6095,916.8,12,1089295
dense-h2o,3037,40,812.4,1790188249.5,30,175947,20675,353.8,5,1790187437.2,COMPLETE,1746211,6144,844.7,12,906766
dense-h2o,3544,3,881.2,1790194916.9,31,198254,30376,463.9,6,1790194035.7,COMPLETE,1807060,6144,906.6,12,967304
dense-h2o,2436,0,690.3,1790194726.0,32,181129,19032,286.8,5,1790194035.7,COMPLETE,1747982,6144,931.6,12,724982
dense-h2o,3590,28,853.6,1790194889.2,33,162320,26026,421.4,5,1790194035.7,COMPLETE,1787651,6144,1048.8,12,956786
dense-h2o,2898,12,823.8,1790194859.5,34,115784,21002,368.3,5,1790194035.7,COMPLETE,1785136,6144,548.5,12,703155
dense-h2o,2522,49,841.3,1790194877.0,35,142819,20925,376.4,5,1790194035.7,COMPLETE,1683171,6144,1011.2,12,767003
dense-h2o,2624,25,840.1,1790194875.8,36,161925,22747,407.5,5,1790194035.7,COMPLETE,1767864,6144,890.6,12,806936
dense-h2o,3749,27,880.5,1790194916.2,37,184907,23742,402.3,5,1790194035.7,COMPLETE,1706604,6144,1016.8,12,867835
dense-h2o,2252,57,952.2,1790194987.9,38,261290,37041,530.8,7,1790194035.7,COMPLETE,1718838,6144,1108.8,12,999818
dense-h2o,3151,12,767.4,1790194803.1,39,158448,20875,334.1,5,1790194035.7,COMPLETE,1718114,6064,611.5,12,701588
dense-h2o,2617,6,873.0,1790194908.7,40,206385,34110,494.6,7,1790194035.7,COMPLETE,1747438,6066,1003.2,12,1029367
dense-h2o,1806,2,713.0,1790201569.1,41,153900,22722,325.5,5,1790200856.1,COMPLETE,1283939,6144,489.1,12,549708
dense-h2o,2282,16,662.8,1790201518.9,42,188800,17410,303.1,5,1790200856.1,COMPLETE,1717748,6140,699.9,12,878132
dense-h2o,2162,1,668.5,1790201524.6,43,181502,20698,334.9,5,1790200856.1,COMPLETE,1811459,6144,831.3,12,971562
dense-h2o,0,2,694.8,1790201550.9,44,156575,21583,355.2,5,1790200856.1,COMPLETE,1764969,6144,715.9,12,803483
dense-h2o,2663,16,834.3,1790201690.4,45,169942,27280,437.4,5,1790200856.1,COMPLETE,1668041,6144,768.6,12,828767
dense-h2o,2607,13,937.4,1790201793.5,46,298061,37686,513.6,8,1790200856.1,COMPLETE,1701402,6144,697.5,12,811924
dense-h2o,2854,32,792.0,1790201648.1,47,161896,22047,371.8,5,1790200856.1,COMPLETE,1622002,6144,760.6,12,836532
dense-h2o,3552,14,812.6,1790201668.6,48,158459,22115,356.1,5,1790200856.1,COMPLETE,1328375,6124,837.3,12,653381
dense-h2o,3212,19,742.7,1790201598.8,49,186517,20387,361.8,5,1790200856.1,COMPLETE,1809121,6144,722.8,12,847523
dense-h2o,3828,5,862.3,1790201718.4,50,220219,27585,444.2,6,1790200856.1,COMPLETE,1654368,6033,742.0,12,864687
dense-h2o,8525,14,933.3,1790208420.2,51,262435,36935,503.0,7,1790207486.9,COMPLETE,1409305,6144,548.6,12,730830
dense-h2o,11098,0,705.4,1790208192.3,52,163690,31357,380.8,6,1790207486.9,COMPLETE,1670164,6144,373.3,12,626173
dense-h2o,0,10,805.7,1790208292.6,53,141089,21987,385.4,5,1790207486.9,COMPLETE,1537370,6144,611.9,12,798896
dense-h2o,9018,3,836.3,1790208323.1,54,164625,25441,408.7,5,1790207486.9,COMPLETE,1723095,6144,526.2,12,803899
dense-h2o,7279,6,769.3,1790208256.2,55,183248,21150,363.7,5,1790207486.9,COMPLETE,1717624,6144,569.6,12,796611
dense-h2o,8184,1,895.6,1790208382.5,56,189602,45078,587.5,8,1790207486.9,COMPLETE,728637,5867,400.2,12,271137
dense-h2o,9181,6,806.5,1790208293.4,57,174545,24964,402.2,5,1790207486.9,COMPLETE,1653089,6144,594.0,12,852591
dense-h2o,8918,5,872.0,1790208358.9,58,249529,37483,564.5,7,1790207486.9,COMPLETE,1806570,6144,495.6,12,725352
dense-h2o,0,15,765.3,1790208252.2,59,174080,19421,351.9,5,1790207486.9,COMPLETE,1713012,6141,618.4,12,804540
dense-h2o,9545,3,769.8,1790208256.7,60,128920,19845,359.7,5,1790207486.9,COMPLETE,1200927,6144,557.8,12,552540
dense-h2o,8568,38,877.2,1790217085.0,61,192362,32611,496.7,6,1790216207.9,COMPLETE,1769813,6144,1011.1,12,1051968
dense-h2o,10249,32,757.2,1790216965.1,62,165819,21986,362.3,5,1790216207.9,COMPLETE,1808277,6144,844.3,12,969585
dense-h2o,7448,36,788.0,1790216995.9,63,162341,21309,360.5,5,1790216207.9,COMPLETE,1799809,6144,1042.0,12,1081845
dense-h2o,7148,0,670.7,1790216878.6,64,180974,17024,291.4,5,1790216207.9,COMPLETE,1741381,6144,907.2,12,1024046
dense-h2o,10037,0,691.4,1790216899.3,65,140073,22836,344.3,5,1790216207.9,COMPLETE,1766112,6060,616.2,12,684833
dense-h2o,10261,53,867.3,1790217075.2,66,221033,30566,456.1,6,1790216207.9,COMPLETE,1713189,6144,961.2,12,995042
dense-h2o,8213,27,699.4,1790216907.2,67,159026,21191,329.0,5,1790216207.9,COMPLETE,1806507,6144,937.6,12,603359
dense-h2o,8917,23,860.9,1790217068.9,68,228490,28825,454.1,6,1790216207.9,COMPLETE,1810903,6144,610.6,12,726205
dense-h2o,8369,3,670.8,1790216878.7,69,184262,18214,309.5,5,1790216207.9,COMPLETE,1790780,6144,833.3,12,950328
dense-h2o,8896,24,907.2,1790217115.0,70,195477,29885,445.5,6,1790216207.9,COMPLETE,1682788,6144,931.0,12,841988
dense-h2o,11671,13,869.0,1790245466.6,71,162457,21426,374.5,5,1790244597.7,COMPLETE,1609104,6144,928.1,12,753352
dense-h2o,9194,10,866.3,1790245464.0,72,192889,30145,453.0,6,1790244597.7,COMPLETE,1697618,6144,975.7,12,590443
dense-h2o,11926,9,919.9,1790245517.5,73,218583,30045,457.2,6,1790244597.7,COMPLETE,1551898,6144,906.1,12,769786
dense-h2o,10276,4,787.8,1790245385.5,74,202028,28461,425.3,6,1790244597.7,COMPLETE,1788623,6144,734.2,12,828795
dense-h2o,9225,0,800.7,1790245398.4,75,194580,27824,406.4,6,1790244597.7,COMPLETE,1806352,6144,720.0,12,967149
dense-h2o,9108,0,663.2,1790245260.8,76,166394,21078,321.3,5,1790244597.7,COMPLETE,1806581,6144,801.5,12,725151
dense-h2o,5919,12,702.3,1790245300.0,77,165055,21080,321.5,5,1790244597.7,COMPLETE,1805768,6006,777.3,12,724490
dense-h2o,10939,22,869.7,1790245467.4,78,144771,21548,372.0,5,1790244597.7,COMPLETE,1463812,6144,1048.3,12,694358
dense-h2o,1320,7,929.7,1790245527.4,79,178831,28699,438.4,6,1790244597.7,COMPLETE,1451748,6144,894.4,12,700878
dense-h2o,7873,11,872.7,1790245470.4,80,166536,22341,387.9,5,1790244597.7,COMPLETE,1708123,6144,908.6,12,908817
dense-h2o,10463,4,717.0,1790254237.1,81,150298,21730,313.8,5,1790253520.1,COMPLETE,1539750,6144,473.1,12,728411
dense-h2o,9861,0,555.2,1790254075.4,82,176226,20056,253.7,5,1790253520.2,COMPLETE,1294524,6144,374.9,12,508635
dense-h2o,9847,3,674.0,1790254194.2,83,163553,19855,289.1,5,1790253520.2,COMPLETE,1598113,6144,581.6,12,783602
dense-h2o,9209,0,774.9,1790254295.0,84,132580,23006,293.8,5,1790253520.1,COMPLETE,1536411,6144,373.8,12,654074
dense-h2o,8482,0,1090.5,1790254610.8,85,191248,23474,237.5,6,1790253520.2,COMPLETE,1564974,6144,256.5,12,795141
dense-h2o,11602,2,733.9,1790254254.0,86,156597,22142,304.6,5,1790253520.2,COMPLETE,1569268,6144,496.8,12,727750
dense-h2o,11081,5,652.5,1790254172.7,87,182672,21404,323.1,5,1790253520.2,COMPLETE,1697219,6144,614.1,12,813032
dense-h2o,7284,0,663.9,1790254184.1,88,195015,22982,300.7,6,1790253520.2,COMPLETE,994207,6144,414.0,12,423128
dense-h2o,10306,3,650.9,1790254171.0,89,140167,22153,332.7,5,1790253520.1,COMPLETE,1502487,6144,534.4,12,848105
dense-h2o,10558,0,574.0,1790254094.2,90,166467,18899,249.3,5,1790253520.2,COMPLETE,1631635,6144,377.9,12,784597
dense-h2o,10536,0,699.6,1790262483.6,91,178844,34083,418.2,7,1790261784.0,COMPLETE,1033801,5958,405.0,12,469160
dense-h2o,9159,0,1047.5,1790262831.5,92,171575,20432,208.4,5,1790261784.0,COMPLETE,1583670,6144,227.9,12,865858
dense-h2o,10895,1,692.3,1790262476.3,93,193150,20367,335.9,5,1790261784.0,COMPLETE,1652567,6144,516.5,12,826044
dense-h2o,10595,0,829.1,1790262613.1,94,176155,29439,429.7,6,1790261784.0,COMPLETE,1605340,6144,500.1,12,856129
dense-h2o,9387,0,638.5,1790262422.5,95,151411,21898,333.5,5,1790261784.0,COMPLETE,1592163,6144,515.0,12,874479
dense-h2o,8024,0,825.0,1790262609.0,96,191035,30766,446.0,6,1790261784.0,COMPLETE,1573390,6144,505.8,12,723798
dense-h2o,8063,2,816.2,1790262600.2,97,125256,20913,277.6,5,1790261784.0,COMPLETE,1019277,6144,530.9,12,484057
dense-h2o,8871,1,706.8,1790262490.8,98,183932,22923,353.8,5,1790261784.0,COMPLETE,1483173,6144,478.4,12,755148
dense-h2o,8634,2,582.9,1790262366.9,99,177379,20890,310.7,5,1790261784.0,COMPLETE,1636691,6144,566.2,12,932348
dense-h2o,7593,1,675.9,1790262460.0,100,181077,20099,342.6,5,1790261784.0,COMPLETE,1636057,6144,551.2,12,939317
omnikv-h2o,3465,0,985.5,1790147583.4,1,210296,36187,329.1,7,1790146597.9,COMPLETE,1800004,6144,368.8,12,837429
omnikv-h2o,3681,1,759.7,1790147357.5,2,154205,20833,295.7,5,1790146597.9,COMPLETE,1689003,6144,663.2,12,883849
omnikv-h2o,3050,5,700.2,1790147298.0,3,150236,17639,268.3,5,1790146597.9,COMPLETE,1790923,6144,772.1,12,951054
omnikv-h2o,3033,0,739.4,1790147337.2,4,179840,22662,322.5,5,1790146597.9,COMPLETE,1746601,6144,732.9,12,1028019
omnikv-h2o,3636,8,638.0,1790147235.9,5,173660,23022,292.8,5,1790146597.9,COMPLETE,1807979,6144,868.4,12,846224
omnikv-h2o,5193,1,740.5,1790147338.4,6,171977,20258,299.5,5,1790146597.9,COMPLETE,1779446,6144,825.4,12,1060695
omnikv-h2o,2907,0,778.8,1790147376.7,7,339347,35777,441.1,8,1790146597.9,COMPLETE,1795670,6144,600.5,12,847638
omnikv-h2o,3970,4,618.5,1790147216.4,8,166010,22332,278.1,5,1790146597.9,COMPLETE,1805981,6144,863.6,12,603061
omnikv-h2o,2685,0,745.6,1790147343.5,9,244682,25801,370.8,7,1790146597.9,COMPLETE,1806653,6144,665.7,12,725880
omnikv-h2o,2833,0,719.3,1790147317.2,10,219438,25901,358.3,6,1790146597.9,COMPLETE,1802688,6144,450.8,12,727964
omnikv-h2o,2963,1,626.4,1790179109.7,11,156852,18380,257.6,5,1790178483.3,COMPLETE,1806548,6144,584.9,12,725344
omnikv-h2o,3442,19,756.2,1790179239.5,12,188480,34273,435.2,6,1790178483.3,COMPLETE,1810215,6144,762.0,12,1091293
omnikv-h2o,2866,9,708.4,1790179191.7,13,160095,17955,257.0,5,1790178483.3,COMPLETE,1707196,6144,716.6,12,746309
omnikv-h2o,3340,0,571.0,1790179054.3,14,149522,21099,246.5,5,1790178483.3,COMPLETE,1665692,6144,758.8,12,947629
omnikv-h2o,4263,28,682.1,1790179165.4,15,165126,22508,324.8,5,1790178483.3,COMPLETE,1789091,6144,934.1,12,1071108
omnikv-h2o,3417,4,744.3,1790179227.7,16,208526,29013,390.8,6,1790178483.3,COMPLETE,1807095,6144,705.7,12,847099
omnikv-h2o,2374,3,654.2,1790179137.5,17,183636,20125,290.1,5,1790178483.3,COMPLETE,1782526,6144,892.5,12,1064348
omnikv-h2o,2482,0,748.5,1790179231.8,18,149168,18624,260.4,5,1790178483.3,COMPLETE,1800883,6144,377.4,12,1083204
omnikv-h2o,2738,2,756.9,1790179240.2,19,237900,26870,361.2,6,1790178483.3,COMPLETE,1798056,6144,879.1,12,957441
omnikv-h2o,3464,2,521.4,1790179004.7,20,144744,19191,220.2,5,1790178483.3,COMPLETE,1777626,6144,706.5,12,815581
omnikv-h2o,2946,25,730.2,1790186275.5,21,167749,23871,331.1,5,1790185545.2,COMPLETE,1811256,6144,813.6,12,1092635
omnikv-h2o,3311,0,668.0,1790186213.2,22,176446,21947,335.5,5,1790185545.2,COMPLETE,1779271,5684,635.9,12,725180
omnikv-h2o,3192,0,749.8,1790186295.0,23,142678,32981,419.1,6,1790185545.2,COMPLETE,1439011,6048,776.0,12,779211
omnikv-h2o,3856,38,677.5,1790186222.7,24,150955,20304,321.7,5,1790185545.2,COMPLETE,1748044,6112,870.6,12,908545
omnikv-h2o,3058,0,646.8,1790186192.0,25,144198,22251,335.2,5,1790185545.2,COMPLETE,1804822,6144,746.8,12,845480
omnikv-h2o,4198,0,554.5,1790186099.7,26,152063,19576,277.3,5,1790185545.2,COMPLETE,1804923,6144,711.8,12,845508
omnikv-h2o,2343,41,622.6,1790186167.9,27,172459,19494,295.9,5,1790185545.2,COMPLETE,1809894,6144,903.2,12,1092782
omnikv-h2o,2625,6,637.6,1790186182.8,28,177079,22683,339.5,5,1790185545.2,COMPLETE,1807559,6144,760.8,12,968860
omnikv-h2o,4102,15,712.7,1790186257.9,29,153655,21502,316.6,5,1790185545.2,COMPLETE,1785682,6144,714.8,12,946664
omnikv-h2o,2702,30,694.7,1790186239.9,30,175721,21379,326.6,5,1790185545.2,COMPLETE,1807623,6144,892.1,12,1090240
omnikv-h2o,3213,27,733.8,1790192770.3,31,136561,19822,297.9,5,1790192036.5,COMPLETE,1689087,6144,715.2,12,848830
omnikv-h2o,3139,11,633.8,1790192670.3,32,161184,21789,292.4,5,1790192036.5,COMPLETE,1788903,6144,681.9,12,948848
omnikv-h2o,2555,8,669.3,1790192705.7,33,165554,26981,357.5,5,1790192036.5,COMPLETE,1679293,6144,576.4,12,838945
omnikv-h2o,3257,20,735.0,1790192771.5,34,168057,20054,302.3,5,1790192036.5,COMPLETE,1807224,6099,702.4,12,847119
omnikv-h2o,2801,11,606.6,1790192643.1,35,153757,22135,292.2,5,1790192036.5,COMPLETE,1809016,6144,906.4,12,604976
omnikv-h2o,2487,14,734.2,1790192770.7,36,174712,22827,340.3,5,1790192036.5,COMPLETE,1811651,6144,744.1,12,971067
omnikv-h2o,4182,49,759.0,1790192795.5,37,180291,22752,320.8,5,1790192036.5,COMPLETE,1548401,6144,887.2,12,828986
omnikv-h2o,2890,37,894.8,1790192931.4,38,254621,39934,499.0,7,1790192036.5,COMPLETE,1743812,6144,761.8,12,1023103
omnikv-h2o,3535,0,608.4,1790192644.9,39,152087,22515,310.9,5,1790192036.5,COMPLETE,1778451,6144,667.6,12,836683
omnikv-h2o,2065,1,663.4,1790192699.9,40,138066,22176,301.4,5,1790192036.5,COMPLETE,1790079,6144,874.9,12,1073476
omnikv-h2o,2738,8,954.4,1790199722.3,41,269353,39671,527.7,7,1790198767.9,COMPLETE,1668913,6144,858.7,12,948715
omnikv-h2o,2093,14,749.8,1790199517.7,42,225362,27343,418.9,6,1790198767.9,COMPLETE,1691114,6111,742.3,12,876819
omnikv-h2o,2386,5,756.8,1790199524.7,43,225275,24161,388.6,6,1790198767.9,COMPLETE,1769057,6144,920.3,12,1051252
omnikv-h2o,2231,11,790.0,1790199558.0,44,150957,21728,347.7,5,1790198767.9,COMPLETE,1710581,6144,670.7,12,840937
omnikv-h2o,2409,6,799.4,1790199567.3,45,171281,24259,387.1,5,1790198767.9,COMPLETE,1722697,6144,971.9,12,1003026
omnikv-h2o,2508,12,758.1,1790199526.0,46,170203,20607,344.3,5,1790198767.9,COMPLETE,1748704,6144,732.4,12,725362
omnikv-h2o,3638,7,699.8,1790199467.7,47,169020,18833,299.6,5,1790198767.9,COMPLETE,1747004,6144,943.1,12,905652
omnikv-h2o,3827,16,813.0,1790199580.9,48,176458,23121,364.3,5,1790198767.9,COMPLETE,1462906,6135,844.4,12,676783
omnikv-h2o,2598,15,782.8,1790199550.7,49,180751,21605,370.1,5,1790198767.9,COMPLETE,1739476,6144,959.7,12,900293
omnikv-h2o,2337,21,799.4,1790199567.3,50,160731,23404,383.0,5,1790198767.9,COMPLETE,1641998,6144,876.6,12,801342
omnikv-h2o,10560,1,522.5,1790271735.2,51,154442,20263,278.7,5,1790271212.7,COMPLETE,1288803,6144,458.3,12,673527
omnikv-h2o,8193,0,777.0,1790271989.7,52,215380,45556,533.0,8,1790271212.7,COMPLETE,921475,5676,262.3,12,352440
omnikv-h2o,8711,1,596.8,1790271809.5,53,140312,20880,294.8,5,1790271212.7,COMPLETE,1019110,6144,501.2,12,460868
omnikv-h2o,9486,0,636.6,1790271849.3,54,266221,33054,386.5,8,1790271212.7,COMPLETE,1328773,6144,234.7,12,568047
omnikv-h2o,7064,5,745.8,1790271958.5,55,227471,33120,432.6,7,1790271212.7,COMPLETE,1281948,6144,429.9,12,583141
omnikv-h2o,6552,2,758.9,1790271971.6,56,178937,37406,479.6,7,1790271212.7,COMPLETE,660328,6093,444.0,12,301067
omnikv-h2o,8811,0,780.9,1790271993.6,57,236793,40528,493.6,7,1790271212.7,COMPLETE,1100682,6144,517.1,12,559322
omnikv-h2o,9505,0,454.6,1790271667.3,58,156511,20594,266.9,5,1790271212.7,COMPLETE,1591300,5870,302.4,12,781069
omnikv-h2o,8328,1,563.8,1790271776.5,59,130984,18714,278.9,5,1790271212.7,COMPLETE,1304591,5994,503.8,12,636628
omnikv-h2o,10184,0,587.4,1790271800.1,60,96441,20945,296.4,5,1790271212.7,COMPLETE,980595,6144,469.2,12,373930
omnikv-h2o,8247,7,820.7,1790214722.4,61,143305,20422,506.8,5,1790213901.7,COMPLETE,1595750,6144,720.9,12,878146
omnikv-h2o,11583,4,948.7,1790214850.4,62,210898,28094,638.6,6,1790213901.7,COMPLETE,1567158,6144,613.8,12,749682
omnikv-h2o,6964,9,1023.6,1790214925.3,63,156196,29027,603.9,6,1790213901.7,COMPLETE,1590755,6144,729.1,12,830598
omnikv-h2o,8443,9,976.4,1790214878.1,64,172267,22003,528.2,5,1790213901.7,COMPLETE,1542344,6144,697.1,12,750268
omnikv-h2o,7809,4,1013.2,1790214914.9,65,126589,20144,382.5,5,1790213901.7,COMPLETE,1589274,6144,363.3,12,871026
omnikv-h2o,6638,0,930.4,1790214832.1,66,178312,28341,633.6,6,1790213901.7,COMPLETE,1579741,6144,528.8,12,720323
omnikv-h2o,7812,0,896.5,1790214798.2,67,157966,19099,511.2,5,1790213901.7,COMPLETE,1540594,6077,755.4,12,668507
omnikv-h2o,7216,0,870.0,1790214771.7,68,169663,20322,555.2,5,1790213901.7,COMPLETE,1488261,6144,717.3,12,769931
omnikv-h2o,8031,1,754.6,1790214656.3,69,196356,17735,448.5,5,1790213901.7,COMPLETE,1635531,6113,698.9,12,671897
omnikv-h2o,9107,21,922.6,1790214824.2,70,130852,20029,526.6,5,1790213901.7,COMPLETE,1457146,6144,764.0,12,738490
omnikv-h2o,12082,21,851.8,1790243217.4,71,177318,20816,297.2,5,1790242365.6,COMPLETE,1772604,6144,830.8,12,1064707
omnikv-h2o,8073,13,859.3,1790243224.8,72,164949,22611,311.5,5,1790242365.5,COMPLETE,1714564,6144,970.6,12,1055748
omnikv-h2o,8947,27,837.8,1790243203.3,73,173763,21701,300.3,5,1790242365.6,COMPLETE,1682013,6100,825.5,12,982927
omnikv-h2o,10839,7,644.6,1790243010.2,74,166903,20797,240.5,5,1790242365.6,COMPLETE,1805622,6144,766.1,12,845659
omnikv-h2o,8838,2,785.7,1790243151.3,75,178127,20129,269.1,5,1790242365.6,COMPLETE,1789327,6144,735.7,12,846735
omnikv-h2o,9308,0,543.9,1790242909.5,76,263011,36085,347.7,7,1790242365.5,COMPLETE,1805091,6144,622.5,12,603024
omnikv-h2o,6140,0,598.6,1790242964.1,77,167208,20840,244.5,5,1790242365.5,COMPLETE,1806711,6121,829.2,12,967994
omnikv-h2o,8818,18,824.4,1790243189.9,78,156268,20692,295.6,5,1790242365.5,COMPLETE,1722342,6068,991.3,12,1015978
omnikv-h2o,11296,13,888.8,1790243254.3,79,198117,27379,333.7,6,1790242365.5,COMPLETE,1655987,6144,743.0,12,858546
omnikv-h2o,6614,49,847.1,1790243212.7,80,205366,25466,282.5,6,1790242365.6,COMPLETE,1588303,6117,842.2,12,885247
omnikv-h2o,10725,0,848.9,1790252384.4,81,246800,38259,463.3,7,1790251535.5,COMPLETE,1727917,6144,540.0,12,702417
omnikv-h2o,7559,11,728.5,1790252263.8,82,166926,17898,271.2,5,1790251535.4,COMPLETE,1581840,6144,759.3,12,833035
omnikv-h2o,0,5,617.5,1790252152.9,83,149054,19903,233.2,5,1790251535.4,COMPLETE,1802649,6144,521.7,12,576149
omnikv-h2o,9441,7,792.6,1790252328.0,84,150150,21076,289.3,5,1790251535.4,COMPLETE,1150743,6144,737.6,12,495462
omnikv-h2o,10556,13,699.2,1790252234.7,85,157898,19813,286.0,5,1790251535.5,COMPLETE,1712716,6102,717.3,12,872478
omnikv-h2o,10387,16,680.3,1790252215.7,86,164069,20262,289.9,5,1790251535.5,COMPLETE,1720769,6144,843.6,12,1002551
omnikv-h2o,8379,11,736.2,1790252271.7,87,161027,21042,312.8,5,1790251535.5,COMPLETE,1745572,6144,620.4,12,728393
omnikv-h2o,8193,0,607.9,1790252143.3,88,180424,20157,275.2,5,1790251535.4,COMPLETE,884010,5949,657.1,12,324476
omnikv-h2o,12482,2,830.4,1790252365.9,89,207665,32692,426.3,6,1790251535.5,COMPLETE,1496168,6144,672.3,12,658155
omnikv-h2o,9998,7,757.4,1790252292.8,90,173911,19438,284.0,5,1790251535.4,COMPLETE,1695677,6144,784.8,12,922422
omnikv-h2o,8965,2,717.3,1790260653.7,91,132038,20282,283.1,5,1790259936.4,COMPLETE,1069247,6117,598.5,12,429319
omnikv-h2o,6320,5,831.2,1790260767.6,92,152058,22910,245.5,5,1790259936.4,COMPLETE,1660921,6144,327.5,12,942957
omnikv-h2o,8308,0,538.1,1790260474.5,93,196627,20259,250.0,5,1790259936.4,COMPLETE,1771431,6144,673.1,12,603454
omnikv-h2o,7416,10,722.5,1790260658.9,94,192636,28995,357.7,6,1790259936.4,COMPLETE,1604568,6144,609.9,12,742380
omnikv-h2o,11082,5,705.0,1790260641.4,95,141313,23673,333.2,5,1790259936.4,COMPLETE,1643325,6144,673.0,12,730597
omnikv-h2o,8339,4,650.8,1790260587.2,96,158018,20887,285.1,5,1790259936.4,COMPLETE,1578441,6144,707.0,12,745583
omnikv-h2o,6993,12,715.8,1790260652.2,97,122239,18324,256.1,5,1790259936.4,COMPLETE,729793,6144,635.2,12,339580
omnikv-h2o,6824,0,733.2,1790260669.6,98,154176,22196,298.7,5,1790259936.4,COMPLETE,1426374,6144,769.1,12,663539
omnikv-h2o,8796,2,615.8,1790260552.3,99,165878,19477,269.8,5,1790259936.4,COMPLETE,1727915,6144,690.1,12,888414
omnikv-h2o,11806,5,648.0,1790260584.5,100,151242,20625,279.4,5,1790259936.4,COMPLETE,1679103,6144,627.6,12,805256
dense-snapkv,3205,0,1062.2,1790159064.4,1,248452,29836,453.3,6,1790158002.1,COMPLETE,1720494,6144,1185.9,12,1000675
dense-snapkv,3043,0,1057.5,1790159059.7,2,142906,19276,334.5,5,1790158002.1,COMPLETE,1722455,6144,1279.4,12,1002927
dense-snapkv,3023,0,843.4,1790158845.6,3,137528,20539,316.7,5,1790158002.2,COMPLETE,1811495,6144,1603.9,12,1093513
dense-snapkv,3060,0,1061.8,1790159063.9,4,240494,25442,413.5,6,1790158002.1,COMPLETE,1725783,6144,1122.9,12,1006484
dense-snapkv,3725,0,858.7,1790158860.9,5,216282,29284,394.5,6,1790158002.2,COMPLETE,1784782,6144,944.0,12,1066958
dense-snapkv,4027,0,851.3,1790158853.5,6,160543,19153,321.5,5,1790158002.2,COMPLETE,1781741,6144,1048.6,12,1061718
dense-snapkv,3269,0,1150.8,1790159153.0,7,181009,27869,388.9,6,1790158002.2,COMPLETE,1600615,6112,1376.0,12,887184
dense-snapkv,4170,0,861.1,1790158863.3,8,149044,25943,372.1,5,1790158002.2,COMPLETE,1805861,6144,1300.9,12,1088226
dense-snapkv,2070,0,817.9,1790158820.1,9,164235,18274,284.4,5,1790158002.2,COMPLETE,1751640,6144,1016.6,12,1034263
dense-snapkv,3465,0,1075.3,1790159077.5,10,215141,32487,476.2,6,1790158002.2,COMPLETE,1791830,6144,1202.4,12,1073346
dense-snapkv,3014,0,986.9,1790182963.0,11,134503,23121,352.0,5,1790181976.1,COMPLETE,1809483,6130,1652.4,12,1092055
dense-snapkv,1891,0,1215.7,1790183191.8,12,184086,26238,285.7,6,1790181976.1,COMPLETE,1768463,6144,1501.4,12,1050151
dense-snapkv,3254,0,878.4,1790182854.5,13,156663,21376,308.0,5,1790181976.1,COMPLETE,1750619,6144,1621.0,12,1033558
dense-snapkv,2856,0,964.1,1790182940.3,14,170860,21399,327.8,5,1790181976.1,COMPLETE,1809576,6144,1650.1,12,1092248
dense-snapkv,4233,0,1053.7,1790183029.8,15,183506,29245,407.0,6,1790181976.2,COMPLETE,1810832,6144,1739.6,12,1092871
dense-snapkv,3969,0,910.1,1790182886.3,16,160007,22589,355.0,5,1790181976.1,COMPLETE,1807832,6144,1553.5,12,1090152
dense-snapkv,3107,0,866.8,1790182843.0,17,179563,21708,327.3,5,1790181976.1,COMPLETE,1685734,6076,1380.9,12,967334
dense-snapkv,3245,0,1030.8,1790183007.0,18,135650,18788,275.6,5,1790181976.2,COMPLETE,1791379,6144,1619.9,12,1074148
dense-snapkv,4291,0,848.0,1790182824.2,19,194128,18185,291.4,5,1790181976.2,COMPLETE,1799759,6144,1425.6,12,1081735
dense-snapkv,3900,0,871.5,1790182847.6,20,139478,19715,313.9,5,1790181976.2,COMPLETE,1812970,6144,1434.9,12,1094388
dense-snapkv,3642,0,960.0,1790189365.6,21,222655,28707,445.7,6,1790188405.6,COMPLETE,1715341,6144,1303.5,12,997756
dense-snapkv,2841,0,1036.8,1790189442.4,22,209084,27348,429.3,6,1790188405.6,COMPLETE,1769958,6144,990.8,12,1051667
dense-snapkv,2884,0,968.4,1790189373.9,23,130280,20185,365.8,5,1790188405.6,COMPLETE,1487137,6144,1647.7,12,817018
dense-snapkv,5377,0,858.2,1790189263.8,24,176584,23046,362.6,5,1790188405.6,COMPLETE,1810212,6129,1327.1,12,1092165
dense-snapkv,1417,0,963.6,1790189369.2,25,152281,24483,429.3,5,1790188405.6,COMPLETE,1805808,6144,1570.2,12,1088851
dense-snapkv,3034,0,937.0,1790189342.5,26,213938,28927,457.5,6,1790188405.6,COMPLETE,1805022,6144,1421.5,12,1087886
dense-snapkv,2697,0,1014.5,1790189420.0,27,182276,22854,385.9,5,1790188405.6,COMPLETE,1740785,6144,1833.3,12,1022589
dense-snapkv,2628,0,833.7,1790189239.3,28,170162,19527,326.8,5,1790188405.6,COMPLETE,1805438,6024,1418.0,12,1087889
dense-snapkv,3192,0,855.7,1790189261.2,29,134870,23978,374.3,5,1790188405.6,COMPLETE,1807091,6112,1110.9,12,1089763
dense-snapkv,2847,0,1021.9,1790189427.5,30,164227,21175,358.1,5,1790188405.6,COMPLETE,1556285,6144,1518.6,12,837385
dense-snapkv,3579,0,602.4,1790278951.9,31,137141,22268,292.4,5,1790278349.5,COMPLETE,1378679,6144,779.9,12,687128
dense-snapkv,3002,0,908.4,1790279257.8,32,221040,41383,519.1,8,1790278349.5,COMPLETE,1432993,5813,970.9,12,772318
dense-snapkv,2549,0,898.1,1790279247.6,33,121122,22422,377.9,5,1790278349.5,COMPLETE,1082967,6144,1509.1,12,452067
dense-snapkv,3170,0,906.8,1790279256.3,34,174970,24944,417.8,6,1790278349.5,COMPLETE,1311884,6144,1401.7,12,594036
dense-snapkv,2968,0,895.0,1790279244.5,35,238588,33598,488.4,7,1790278349.5,COMPLETE,1451188,5992,1293.0,12,831595
dense-snapkv,1703,0,884.2,1790279233.7,36,137776,18294,337.3,5,1790278349.5,COMPLETE,1279192,6144,1532.3,12,583193
dense-snapkv,2759,0,912.5,1790279262.0,37,183467,25506,422.4,6,1790278349.5,COMPLETE,963957,6144,1465.4,12,474110
dense-snapkv,3615,0,916.1,1790279265.6,38,146412,21705,374.8,5,1790278349.5,COMPLETE,933628,6144,1519.9,12,369013
dense-snapkv,2850,0,913.0,1790279262.5,39,137671,22374,381.3,5,1790278349.5,COMPLETE,1038878,6144,1469.9,12,506061
dense-snapkv,2464,0,913.3,1790279262.8,40,99253,18783,336.5,5,1790278349.5,COMPLETE,543711,5702,829.4,12,199575
dense-snapkv,1814,0,1013.4,1790202911.8,41,170892,23457,426.7,5,1790201898.4,COMPLETE,1517758,6144,1357.1,12,851319
dense-snapkv,2585,0,1036.1,1790202934.5,42,318784,42804,640.7,8,1790201898.4,COMPLETE,1753484,6144,1000.7,12,1036032
dense-snapkv,3831,0,1061.7,1790202960.0,43,202991,31305,520.6,6,1790201898.4,COMPLETE,1729518,6144,1393.3,12,1011908
dense-snapkv,1788,0,682.1,1790202580.6,44,145314,18360,263.8,5,1790201898.5,COMPLETE,1812285,5801,1150.8,12,1094333
dense-snapkv,2963,0,1045.5,1790202943.9,45,238224,31282,528.4,6,1790201898.5,COMPLETE,1807853,6144,1092.1,12,1090153
dense-snapkv,3113,0,965.4,1790202863.9,46,164787,21373,410.1,5,1790201898.5,COMPLETE,1713613,6144,1065.4,12,993697
dense-snapkv,2468,0,980.1,1790202878.5,47,168986,22525,428.6,5,1790201898.4,COMPLETE,1698938,6144,1346.8,12,980230
dense-snapkv,2632,0,982.7,1790202881.1,48,233574,31605,504.1,6,1790201898.4,COMPLETE,1574457,6131,1301.0,12,855359
dense-snapkv,2918,0,980.5,1790202879.0,49,217861,27188,461.2,6,1790201898.5,COMPLETE,1732724,6144,869.4,12,1037536
dense-snapkv,3519,0,977.4,1790202875.8,50,174351,21234,412.0,5,1790201898.5,COMPLETE,1585228,6144,1415.0,12,865737
dense-snapkv,7051,0,967.7,1790209487.9,51,160548,22797,387.7,5,1790208520.1,COMPLETE,1730863,6072,938.9,12,1013117
dense-snapkv,10921,0,792.9,1790209313.0,52,142546,22175,326.9,5,1790208520.1,COMPLETE,1784292,6144,1218.6,12,1066520
dense-snapkv,9504,0,912.7,1790209432.8,53,150009,19231,336.2,5,1790208520.1,COMPLETE,1744317,6144,1378.6,12,1026654
dense-snapkv,8481,0,955.2,1790209475.3,54,154599,23222,391.9,5,1790208520.1,COMPLETE,1802348,5957,1452.3,12,1084810
dense-snapkv,8156,0,955.8,1790209475.9,55,171026,21141,372.4,5,1790208520.1,COMPLETE,1808613,6144,1122.5,12,1091106
dense-snapkv,7344,0,829.4,1790209349.5,56,183612,31803,386.3,7,1790208520.1,COMPLETE,777127,6123,1193.4,12,340583
dense-snapkv,9365,0,880.8,1790209400.9,57,191641,24226,364.2,5,1790208520.1,COMPLETE,1813307,6019,1228.2,12,1093196
dense-snapkv,7162,0,720.4,1790209240.6,58,161312,20658,270.1,5,1790208520.1,COMPLETE,1806333,6144,1552.2,12,1088605
dense-snapkv,9119,0,961.0,1790209481.2,59,221088,27868,446.7,6,1790208520.2,COMPLETE,1785537,6135,1366.6,12,1067545
dense-snapkv,8002,0,980.0,1790209500.1,60,154715,23335,375.3,5,1790208520.2,COMPLETE,1706713,6144,1250.8,12,987522
dense-snapkv,9065,0,983.6,1790237251.9,61,173078,22405,419.7,5,1790236268.3,COMPLETE,1767644,6144,1354.3,12,1049097
dense-snapkv,8429,0,984.4,1790237252.8,62,161472,21534,412.9,5,1790236268.3,COMPLETE,1740408,5997,1366.3,12,1022949
dense-snapkv,7660,0,959.1,1790237227.5,63,126948,18272,369.7,5,1790236268.3,COMPLETE,1630324,6104,1154.7,12,912854
dense-snapkv,8592,0,1005.7,1790237274.0,64,167038,20890,387.5,5,1790236268.3,COMPLETE,1497536,5924,1207.5,12,780107
dense-snapkv,7794,0,1022.6,1790237290.9,65,238380,26734,463.4,6,1790236268.3,COMPLETE,1704602,6144,1545.9,12,987367
dense-snapkv,3605,0,861.7,1790237130.0,66,280977,49214,567.7,8,1790236268.3,COMPLETE,1297806,6144,631.3,12,716319
dense-snapkv,7694,0,873.6,1790237141.9,67,160152,22925,385.2,5,1790236268.3,COMPLETE,1741555,6144,1405.3,12,1024166
dense-snapkv,9520,0,1007.1,1790237275.5,68,237215,30836,509.5,6,1790236268.3,COMPLETE,1682112,6144,1151.8,12,963996
dense-snapkv,9221,0,1025.1,1790237293.5,69,236182,23830,437.1,6,1790236268.3,COMPLETE,1638050,6144,1215.9,12,920253
dense-snapkv,9888,0,914.0,1790237182.4,70,220349,23373,389.2,6,1790236268.3,COMPLETE,1340898,6144,1326.8,12,620961
dense-snapkv,10359,0,559.1,1790274692.2,71,138387,21679,268.6,5,1790274133.1,COMPLETE,1147946,6072,706.7,12,563718
dense-snapkv,9783,0,840.9,1790274974.0,72,135159,21516,359.6,5,1790274133.1,COMPLETE,899365,6144,676.8,12,459627
dense-snapkv,9391,0,836.7,1790274969.8,73,159895,20678,363.0,5,1790274133.1,COMPLETE,1291565,6144,963.7,12,613443
dense-snapkv,8810,0,829.7,1790274962.8,74,169617,29459,448.9,6,1790274133.1,COMPLETE,1300816,5939,740.5,12,746059
dense-snapkv,10605,0,801.5,1790274934.6,75,138806,19450,346.7,5,1790274133.1,COMPLETE,1211859,5946,817.4,12,646633
dense-snapkv,7081,0,816.9,1790274950.1,76,145560,20576,369.8,5,1790274133.1,COMPLETE,1469470,6144,1294.8,12,779938
dense-snapkv,7310,0,839.1,1790274972.2,77,149629,29156,460.5,6,1790274133.1,COMPLETE,1358128,5695,1029.4,12,699881
dense-snapkv,9698,0,830.1,1790274963.2,78,123870,26181,425.4,5,1790274133.1,COMPLETE,794115,6058,949.8,12,346813
dense-snapkv,10755,0,804.7,1790274937.9,79,136480,25269,394.6,6,1790274133.2,COMPLETE,697000,6135,1144.9,12,300298
dense-snapkv,6281,0,832.3,1790274965.4,80,172188,31926,468.0,6,1790274133.1,COMPLETE,744992,6027,805.0,12,347329
dense-snapkv,10037,0,978.6,1790255694.2,81,176868,26551,392.4,6,1790254715.7,COMPLETE,1500017,6144,1086.0,12,843019
dense-snapkv,9743,0,982.6,1790255698.3,82,160527,27786,417.3,6,1790254715.7,COMPLETE,1238449,6144,931.0,12,580144
dense-snapkv,11221,0,899.7,1790255615.5,83,171237,19851,324.5,5,1790254715.8,COMPLETE,1600774,6144,900.1,12,897093
dense-snapkv,6438,0,897.4,1790255613.2,84,164527,21558,355.8,5,1790254715.8,COMPLETE,1257896,6144,1058.6,12,611403
dense-snapkv,7486,0,983.6,1790255699.4,85,143225,19895,317.6,5,1790254715.8,COMPLETE,1586087,5940,887.4,12,893154
dense-snapkv,8751,0,963.5,1790255679.3,86,182552,22084,349.5,5,1790254715.8,COMPLETE,1518817,6144,849.8,12,806712
dense-snapkv,10006,0,907.4,1790255623.2,87,156678,20398,342.6,5,1790254715.8,COMPLETE,1682313,6144,1036.4,12,964333
dense-snapkv,7565,0,731.6,1790255447.4,88,146824,20303,279.7,5,1790254715.8,COMPLETE,829913,5880,803.7,12,384552
dense-snapkv,9621,0,754.5,1790255470.3,89,130302,22553,292.3,5,1790254715.7,COMPLETE,1445521,5796,917.6,12,788416
dense-snapkv,9254,0,744.9,1790255460.6,90,180452,20006,287.7,5,1790254715.7,COMPLETE,1596830,6144,871.0,12,897842
dense-snapkv,8083,0,1055.9,1790263976.3,91,118592,21718,217.4,5,1790262920.4,COMPLETE,1303281,6144,802.6,12,729598
dense-snapkv,9317,0,1016.5,1790263936.9,92,158983,21870,269.6,5,1790262920.4,COMPLETE,1611422,5646,1111.9,12,892926
dense-snapkv,9240,0,809.1,1790263729.5,93,185012,22435,342.6,5,1790262920.4,COMPLETE,1572885,6022,1033.0,12,970310
dense-snapkv,10053,0,684.6,1790263605.0,94,158942,24156,307.4,5,1790262920.4,COMPLETE,1551054,6054,715.2,12,832698
dense-snapkv,9198,0,805.2,1790263725.6,95,167992,21008,325.4,5,1790262920.4,COMPLETE,1526962,6121,865.5,12,808473
dense-snapkv,10246,0,840.8,1790263761.3,96,226339,31346,410.7,6,1790262920.5,COMPLETE,1574184,6144,702.1,12,855313
dense-snapkv,8853,0,696.1,1790263616.5,97,122746,21444,287.5,5,1790262920.4,COMPLETE,705750,5960,684.4,12,348934
dense-snapkv,8988,0,689.3,1790263609.7,98,172761,21379,284.1,5,1790262920.4,COMPLETE,1279033,6144,586.5,12,671620
dense-snapkv,0,0,752.2,1790263672.6,99,170357,21199,315.9,5,1790262920.4,COMPLETE,1641173,6144,1198.8,12,923716
dense-snapkv,10790,0,837.1,1790263757.5,100,160460,22418,324.0,5,1790262920.4,COMPLETE,1624218,6144,1026.3,12,906297
omnikv-snapkv,3038,0,816.7,1790148469.2,1,211188,26157,314.8,6,1790147652.5,COMPLETE,1780257,6144,1380.2,12,1063101
omnikv-snapkv,2363,0,978.3,1790148630.9,2,169044,27242,299.9,6,1790147652.5,COMPLETE,1686555,6144,1303.2,12,966436
omnikv-snapkv,2203,0,929.5,1790148582.1,3,161776,20225,261.0,5,1790147652.6,COMPLETE,1737354,6144,1374.7,12,1018689
omnikv-snapkv,2992,0,810.8,1790148463.3,4,153387,20158,265.6,5,1790147652.5,COMPLETE,1706101,6144,1336.8,12,986487
omnikv-snapkv,2885,0,694.2,1790148346.7,5,186228,19628,220.8,5,1790147652.5,COMPLETE,1808647,6144,1325.6,12,1091244
omnikv-snapkv,4507,0,853.4,1790148506.0,6,183857,32781,387.9,6,1790147652.6,COMPLETE,1810940,6144,1053.5,12,1092386
omnikv-snapkv,2659,0,931.5,1790148584.0,7,158374,19695,253.2,5,1790147652.6,COMPLETE,1702412,6144,1491.4,12,983540
omnikv-snapkv,3390,0,720.3,1790148372.9,8,164662,18409,240.1,5,1790147652.6,COMPLETE,1807176,6144,977.8,12,1089039
omnikv-snapkv,2545,0,729.4,1790148381.9,9,231803,35365,365.3,7,1790147652.6,COMPLETE,1806592,6144,792.3,12,1088888
omnikv-snapkv,3352,0,930.3,1790148582.9,10,173067,23237,296.2,5,1790147652.6,COMPLETE,1748723,6144,1092.9,12,1030529
omnikv-snapkv,4145,0,784.7,1790180099.4,11,173527,20973,252.9,5,1790179314.8,COMPLETE,1806374,6144,1098.5,12,1088877
omnikv-snapkv,4391,0,936.7,1790180251.4,12,143093,20444,306.2,5,1790179314.8,COMPLETE,1783516,6144,1330.0,12,1065272
omnikv-snapkv,3280,0,952.0,1790180266.7,13,150499,16760,243.2,5,1790179314.8,COMPLETE,1806595,6144,937.6,12,1088672
omnikv-snapkv,3255,0,920.4,1790180235.1,14,189624,29508,389.1,6,1790179314.8,COMPLETE,1749926,6144,1059.0,12,1031654
omnikv-snapkv,3728,0,961.2,1790180276.0,15,157309,25434,359.7,5,1790179314.8,COMPLETE,1809185,6144,1151.3,12,1090804
omnikv-snapkv,2839,0,1001.4,1790180316.2,16,145903,24529,292.6,5,1790179314.8,COMPLETE,1765503,6144,981.4,12,1047799
omnikv-snapkv,2162,0,922.7,1790180237.5,17,260369,28373,372.6,6,1790179314.8,COMPLETE,1809909,6144,1482.8,12,1091973
omnikv-snapkv,2513,0,1174.2,1790180489.0,18,168246,25391,261.7,6,1790179314.8,COMPLETE,1777200,6051,729.9,12,1058793
omnikv-snapkv,2516,0,799.9,1790180114.7,19,177012,18239,242.1,5,1790179314.8,COMPLETE,1811038,6143,1118.3,12,1092608
omnikv-snapkv,3812,0,922.5,1790180237.3,20,143762,20707,309.9,5,1790179314.8,COMPLETE,1777911,6144,1250.2,12,1059791
omnikv-snapkv,3075,0,928.1,1790187288.2,21,169504,19186,306.0,5,1790186360.1,COMPLETE,1782395,6144,1749.7,12,1064366
omnikv-snapkv,2946,0,820.3,1790187180.4,22,171090,18031,280.5,5,1790186360.1,COMPLETE,1777445,6007,1259.2,12,1059686
omnikv-snapkv,3095,0,858.5,1790187218.6,23,172456,29175,401.9,6,1790186360.2,COMPLETE,1293808,5993,929.5,12,746281
omnikv-snapkv,2226,0,848.0,1790187208.2,24,180484,20487,315.9,5,1790186360.2,COMPLETE,1792495,6144,1592.0,12,1075067
omnikv-snapkv,4213,0,881.3,1790187241.5,25,180558,24949,364.7,5,1790186360.2,COMPLETE,1807110,6144,1785.5,12,1090239
omnikv-snapkv,3824,0,900.9,1790187261.0,26,261923,37642,470.7,7,1790186360.2,COMPLETE,1804719,6144,1214.1,12,1087686
omnikv-snapkv,2363,0,917.1,1790187277.3,27,174266,19104,335.2,5,1790186360.2,COMPLETE,1809492,6144,1536.4,12,1092414
omnikv-snapkv,3167,0,839.8,1790187200.0,28,171108,21268,320.5,5,1790186360.2,COMPLETE,1805636,5979,1302.3,12,1088679
omnikv-snapkv,2442,0,971.9,1790187332.1,29,154753,26472,342.0,6,1790186360.2,COMPLETE,1779712,5929,1788.9,12,1061592
omnikv-snapkv,2218,0,940.5,1790187300.8,30,167059,20358,308.3,5,1790186360.2,COMPLETE,1778314,6144,1731.4,12,1060305
omnikv-snapkv,3147,0,836.7,1790193833.2,31,206944,26739,362.9,6,1790192996.5,COMPLETE,1642347,6111,1135.5,12,924269
omnikv-snapkv,2531,0,858.4,1790193854.9,32,195236,28773,398.2,6,1790192996.6,COMPLETE,1808328,6144,964.4,12,1090471
omnikv-snapkv,2515,0,894.8,1790193891.4,33,158450,25067,367.0,5,1790192996.6,COMPLETE,1652878,6144,1309.9,12,934484
omnikv-snapkv,2850,0,892.5,1790193889.0,34,144848,24016,371.9,5,1790192996.6,COMPLETE,1773680,6144,1361.3,12,1056141
omnikv-snapkv,2369,0,731.9,1790193728.5,35,165020,19794,268.5,5,1790192996.6,COMPLETE,1761221,6099,1283.5,12,1043177
omnikv-snapkv,2074,0,835.5,1790193832.1,36,177372,18147,294.2,5,1790192996.6,COMPLETE,1786648,6144,1270.4,12,1068162
omnikv-snapkv,2414,0,916.3,1790193912.8,37,176794,22541,323.0,5,1790192996.6,COMPLETE,1657156,6125,1309.5,12,936941
omnikv-snapkv,3316,0,934.3,1790193930.9,38,194123,28495,377.2,6,1790192996.6,COMPLETE,1454231,6144,1251.3,12,831123
omnikv-snapkv,2308,0,703.2,1790193699.8,39,167212,22438,284.7,5,1790192996.6,COMPLETE,1809868,6144,1181.8,12,1092158
omnikv-snapkv,3361,0,870.1,1790193866.7,40,201668,27617,364.4,6,1790192996.6,COMPLETE,1575798,6144,1047.9,12,896628
omnikv-snapkv,2300,0,948.7,1790200736.2,41,159190,21795,358.6,5,1790199787.5,COMPLETE,1724906,6144,1388.0,12,1004744
omnikv-snapkv,1995,0,942.2,1790200729.7,42,159131,17734,313.7,5,1790199787.5,COMPLETE,1645043,6144,1242.1,12,924599
omnikv-snapkv,3150,0,949.4,1790200736.8,43,171465,19769,338.1,5,1790199787.4,COMPLETE,1773513,6144,1343.2,12,1055015
omnikv-snapkv,2397,0,805.1,1790200592.5,44,220053,28012,342.1,7,1790199787.4,COMPLETE,1540923,6082,1172.3,12,874514
omnikv-snapkv,2644,0,963.8,1790200751.3,45,189108,25544,398.4,5,1790199787.5,COMPLETE,1807338,6144,1447.2,12,1089903
omnikv-snapkv,2491,0,799.5,1790200587.0,46,185925,21271,302.6,5,1790199787.4,COMPLETE,1803016,5968,1120.3,12,1085727
omnikv-snapkv,2762,0,943.3,1790200730.8,47,154727,19982,345.5,5,1790199787.5,COMPLETE,1732367,6144,1701.2,12,1013937
omnikv-snapkv,3306,0,905.6,1790200693.1,48,174966,19445,319.2,5,1790199787.5,COMPLETE,1737173,6144,1264.8,12,1017787
omnikv-snapkv,2677,0,800.8,1790200588.3,49,168445,16687,266.8,5,1790199787.5,COMPLETE,1809645,6057,1162.5,12,1091369
omnikv-snapkv,2395,0,957.0,1790200744.4,50,182455,20475,339.3,5,1790199787.4,COMPLETE,1685938,5907,1409.7,12,967116
omnikv-snapkv,6143,0,954.7,1790207381.4,51,169621,24597,379.8,5,1790206426.7,COMPLETE,1703346,6144,1204.4,12,985232
omnikv-snapkv,10686,0,960.5,1790207387.2,52,189614,29177,419.1,6,1790206426.7,COMPLETE,1735296,6144,1410.5,12,1017252
omnikv-snapkv,9654,0,951.7,1790207378.5,53,209191,33053,456.4,6,1790206426.8,COMPLETE,1623671,6078,1093.7,12,917263
omnikv-snapkv,7395,0,888.8,1790207315.6,54,203878,25400,367.2,6,1790206426.8,COMPLETE,1748136,6144,1049.5,12,1030745
omnikv-snapkv,7077,0,681.7,1790207108.4,55,151417,17106,227.2,5,1790206426.7,COMPLETE,1796005,6144,1103.9,12,1078518
omnikv-snapkv,6289,0,795.7,1790207222.3,56,214878,29543,349.7,7,1790206426.7,COMPLETE,1005139,5932,1210.8,12,572363
omnikv-snapkv,11259,0,941.7,1790207368.5,57,172766,20506,333.2,5,1790206426.8,COMPLETE,1735022,5819,1244.5,12,1014581
omnikv-snapkv,7643,0,827.9,1790207254.7,58,147208,21368,333.9,5,1790206426.8,COMPLETE,1806507,6144,858.8,12,1089456
omnikv-snapkv,7765,0,946.1,1790207372.8,59,162827,24091,374.4,5,1790206426.7,COMPLETE,1753901,6144,1014.9,12,1035657
omnikv-snapkv,9881,0,935.6,1790207362.4,60,142240,23752,373.4,5,1790206426.8,COMPLETE,1713364,6144,1163.7,12,994962
omnikv-snapkv,9301,0,918.0,1790272976.8,61,143707,22557,269.8,5,1790272058.7,COMPLETE,1134619,6144,835.3,12,526463
omnikv-snapkv,11021,0,840.3,1790272899.1,62,138496,20907,320.3,5,1790272058.7,COMPLETE,1163241,6144,1072.9,12,578635
omnikv-snapkv,6876,0,853.5,1790272912.2,63,148313,21690,351.1,5,1790272058.6,COMPLETE,1582405,6135,1568.3,12,893401
omnikv-snapkv,7837,0,831.9,1790272890.6,64,182768,27465,379.0,6,1790272058.6,COMPLETE,845949,5955,1172.7,12,343137
omnikv-snapkv,0,0,845.5,1790272904.2,65,119932,21312,339.3,5,1790272058.6,COMPLETE,1186579,6123,1379.9,12,561169
omnikv-snapkv,8260,0,814.5,1790272873.2,66,122956,18088,293.1,5,1790272058.7,COMPLETE,1056850,6144,1429.9,12,505337
omnikv-snapkv,8719,0,873.5,1790272932.2,67,222326,31311,423.6,7,1790272058.7,COMPLETE,1245467,6100,992.3,12,568872
omnikv-snapkv,10395,0,837.0,1790272895.7,68,152355,18534,311.2,5,1790272058.7,COMPLETE,1278782,6144,1279.7,12,587313
omnikv-snapkv,10689,0,842.0,1790272900.7,69,155716,23628,353.4,5,1790272058.7,COMPLETE,1016016,6144,1513.8,12,392948
omnikv-snapkv,7885,0,808.3,1790272867.1,70,150483,29918,393.6,6,1790272058.7,COMPLETE,898414,6144,1196.9,12,384047
omnikv-snapkv,11659,0,1125.8,1790244445.4,71,179202,21480,312.2,5,1790243319.6,COMPLETE,1731517,6144,1307.9,12,1011608
omnikv-snapkv,8457,0,885.8,1790244205.4,72,174551,19938,246.6,5,1790243319.6,COMPLETE,1672666,6144,969.1,12,1072658
omnikv-snapkv,7496,0,1098.9,1790244418.5,73,167989,18618,260.9,5,1790243319.6,COMPLETE,1552846,6114,1560.1,12,935744
omnikv-snapkv,10433,0,1177.9,1790244497.5,74,202341,32242,399.6,6,1790243319.6,COMPLETE,1704851,6144,1167.4,12,986537
omnikv-snapkv,10921,0,1112.0,1790244431.6,75,163578,20737,305.8,5,1790243319.6,COMPLETE,1515313,6144,1127.9,12,882383
omnikv-snapkv,9310,0,902.4,1790244222.0,76,167326,19144,256.3,5,1790243319.7,COMPLETE,1787564,6111,1342.0,12,1088194
omnikv-snapkv,5418,0,894.5,1790244214.1,77,147782,18935,257.8,5,1790243319.6,COMPLETE,1690306,6144,1308.3,12,1090159
omnikv-snapkv,8887,0,1066.3,1790244385.9,78,148626,18034,256.5,5,1790243319.6,COMPLETE,1252404,6139,1464.4,12,725324
omnikv-snapkv,11038,0,1135.0,1790244454.7,79,195067,31917,379.5,6,1790243319.6,COMPLETE,1636203,6122,1427.2,12,916900
omnikv-snapkv,6820,0,911.9,1790244231.6,80,176813,28079,325.2,6,1790243319.6,COMPLETE,845503,6140,1319.7,12,564795
omnikv-snapkv,9401,0,965.6,1790253415.0,81,194618,29600,350.7,6,1790252449.4,COMPLETE,1763522,6144,1149.9,12,1044690
omnikv-snapkv,7978,0,859.9,1790253309.3,82,169998,21217,294.1,5,1790252449.4,COMPLETE,1519552,6144,1241.5,12,804893
omnikv-snapkv,9214,0,731.0,1790253180.4,83,173149,22081,296.7,5,1790252449.4,COMPLETE,1790373,6144,971.5,12,1070600
omnikv-snapkv,7481,0,806.8,1790253256.1,84,132260,20965,290.5,5,1790252449.3,COMPLETE,1480896,6113,1244.4,12,763617
omnikv-snapkv,8259,0,899.6,1790253349.0,85,142847,23606,329.9,5,1790252449.4,COMPLETE,1774385,6144,970.9,12,1056338
omnikv-snapkv,7664,0,850.0,1790253299.4,86,161206,19109,272.6,5,1790252449.4,COMPLETE,1669219,6144,969.6,12,949516
omnikv-snapkv,8812,0,853.5,1790253302.9,87,146265,20559,286.7,5,1790252449.4,COMPLETE,1767694,6144,872.9,12,1048729
omnikv-snapkv,5867,0,706.7,1790253156.1,88,166892,17321,250.9,5,1790252449.4,COMPLETE,890348,6132,827.2,12,420120
omnikv-snapkv,9334,0,801.8,1790253251.2,89,207000,29528,360.7,6,1790252449.4,COMPLETE,1809310,6144,1167.7,12,1090389
omnikv-snapkv,8942,0,912.4,1790253361.8,90,234724,28012,339.6,6,1790252449.4,COMPLETE,1579477,6144,983.4,12,859282
omnikv-snapkv,9600,0,799.4,1790261622.0,91,178548,34309,420.0,6,1790260822.6,COMPLETE,1341762,6142,737.0,12,706217
omnikv-snapkv,5499,0,875.5,1790261698.1,92,130645,22837,301.6,5,1790260822.6,COMPLETE,1611566,6144,695.0,12,899287
omnikv-snapkv,8152,0,692.6,1790261515.2,93,181488,19307,259.0,5,1790260822.6,COMPLETE,1437731,5907,907.7,12,862708
omnikv-snapkv,9267,0,878.0,1790261700.6,94,236537,32084,418.7,7,1790260822.6,COMPLETE,1714122,6144,929.1,12,995931
omnikv-snapkv,9307,0,823.5,1790261646.1,95,148869,22415,322.9,5,1790260822.6,COMPLETE,1572761,6144,804.6,12,854925
omnikv-snapkv,9249,0,793.9,1790261616.5,96,164622,19504,296.8,5,1790260822.6,COMPLETE,1669365,6102,790.2,12,951159
omnikv-snapkv,7499,0,708.4,1790261531.0,97,119167,18983,255.5,5,1790260822.6,COMPLETE,1034021,5689,747.9,12,543332
omnikv-snapkv,8430,0,846.6,1790261669.1,98,164259,21192,301.7,5,1790260822.6,COMPLETE,1341308,6144,1037.8,12,708732
omnikv-snapkv,10645,0,808.6,1790261631.2,99,182985,20945,308.6,5,1790260822.6,COMPLETE,1671816,6144,788.2,12,966352
omnikv-snapkv,9432,0,784.4,1790261607.0,100,153442,19612,295.1,5,1790260822.6,COMPLETE,1714708,6144,816.9,12,1002868
