arm,comprehensiveness,insight,instance,instruction_following,overall_score,readability
dense-dense,0.3761,0.3595,9,0.4286,0.3859,0.3842
dense-dense,0.1469,0.101,91,0.1935,0.1834,0.2619
dense-dense,0.4549,0.457,43,0.491,0.4676,0.4947
dense-dense,0.3569,0.3402,61,0.3383,0.3454,0.3452
dense-dense,0.3515,0.3243,65,0.3378,0.3414,0.382
dense-dense,0.4192,0.4163,56,0.4758,0.4427,0.5267
dense-dense,0.4401,0.3574,1,0.4846,0.4181,0.4236
dense-dense,0.4483,0.4685,87,0.4708,0.4624,0.4605
dense-dense,0.434,0.4209,46,0.4817,0.4415,0.4543
dense-dense,0.4444,0.4505,71,0.4551,0.4546,0.4895
dense-dense,0.3894,0.3352,83,0.3826,0.3736,0.3734
dense-dense,0.2808,0.2628,19,0.3203,0.2938,0.3586
dense-dense,0.3893,0.4189,84,0.4314,0.4164,0.4417
dense-dense,0.4229,0.396,88,0.4452,0.4201,0.4439
dense-dense,0.2909,0.3467,80,0.3477,0.3356,0.3662
dense-dense,0.4225,0.3903,89,0.422,0.4065,0.3775
dense-dense,0.4547,0.4438,94,0.4813,0.4575,0.4536
dense-dense,0.3776,0.3914,74,0.4003,0.3875,0.3816
dense-dense,0.3963,0.365,25,0.3804,0.3807,0.3893
dense-dense,0.3325,0.3246,79,0.3856,0.3511,0.3962
dense-dense,0.4061,0.4183,7,0.5605,0.4406,0.4404
dense-dense,0.3885,0.3469,18,0.4176,0.3856,0.4281
dense-dense,0.433,0.4328,100,0.4505,0.44,0.4594
dense-dense,0.3739,0.3787,13,0.4861,0.4031,0.4261
dense-dense,0.3866,0.3889,5,0.4321,0.4,0.4043
dense-dense,0.3894,0.3721,57,0.4188,0.3954,0.4046
dense-dense,0.4224,0.406,62,0.429,0.4143,0.4019
dense-dense,0.4301,0.4108,50,0.4482,0.4317,0.448
dense-dense,0.4652,0.4601,27,0.4924,0.4735,0.5072
dense-dense,0.3886,0.3968,30,0.3994,0.399,0.4235
dense-dense,0.4103,0.3498,16,0.3986,0.3867,0.3708
dense-dense,0.402,0.3913,22,0.4526,0.4158,0.443
dense-dense,0.3903,0.3777,48,0.4117,0.3917,0.3688
dense-dense,0.4365,0.419,34,0.4661,0.4367,0.438
dense-dense,0.4315,0.429,98,0.4507,0.4373,0.4486
dense-dense,0.4406,0.4467,96,0.4868,0.4619,0.4901
dense-dense,0.3855,0.3756,63,0.4795,0.4001,0.4092
dense-dense,0.3759,0.3626,70,0.3456,0.3744,0.4305
dense-dense,0.3747,0.323,29,0.3717,0.3544,0.3438
dense-dense,0.3071,0.2795,11,0.2691,0.2909,0.3172
dense-dense,0.385,0.3852,49,0.4118,0.396,0.4206
dense-dense,0.2854,0.1548,12,0.212,0.2309,0.3238
dense-dense,0.3533,0.3231,86,0.3566,0.3469,0.3737
dense-dense,0.4523,0.4397,23,0.4708,0.4531,0.4568
dense-dense,0.4281,0.424,69,0.4308,0.4282,0.4346
dense-dense,0.3372,0.3606,95,0.3634,0.3595,0.3913
dense-dense,0.3797,0.3977,66,0.4087,0.402,0.4491
dense-dense,0.4338,0.4099,42,0.4795,0.4438,0.4845
dense-dense,0.3832,0.3664,45,0.3786,0.3831,0.4313
dense-dense,0.2979,0.3372,2,0.301,0.3234,0.3733
dense-dense,0.4479,0.4152,76,0.5016,0.4528,0.4565
dense-dense,0.4111,0.4667,36,0.4818,0.4503,0.445
dense-dense,0.4076,0.4193,53,0.4044,0.4156,0.4326
dense-dense,0.3873,0.3621,92,0.4868,0.4008,0.3878
dense-dense,0.3836,0.334,15,0.4203,0.371,0.3582
dense-dense,0.4038,0.394,37,0.4518,0.4193,0.4652
dense-dense,0.4356,0.4169,21,0.468,0.4486,0.49
dense-dense,0.389,0.3543,97,0.4139,0.384,0.3955
dense-dense,0.4278,0.385,32,0.4554,0.4171,0.4168
dense-dense,0.41,0.3996,4,0.4617,0.4266,0.4574
dense-dense,0.3798,0.3479,51,0.393,0.3746,0.3887
dense-dense,0.4341,0.4748,82,0.4735,0.4612,0.4699
dense-dense,0.4395,0.441,3,0.4671,0.4495,0.47
dense-dense,0.3975,0.3683,24,0.4657,0.4184,0.489
dense-dense,0.3758,0.3605,55,0.4224,0.3865,0.4275
dense-dense,0.4158,0.3678,90,0.4423,0.4037,0.417
dense-dense,0.3779,0.3926,77,0.4763,0.4137,0.4573
dense-dense,0.4255,0.3902,58,0.4562,0.4218,0.4587
dense-dense,0.4098,0.4062,64,0.4505,0.4179,0.4198
dense-dense,0.4233,0.4007,47,0.4806,0.4304,0.4611
dense-dense,0.4191,0.4043,39,0.4158,0.4179,0.4453
dense-dense,0.4009,0.3807,10,0.411,0.4057,0.4856
dense-dense,0.4452,0.4386,54,0.4606,0.4474,0.4565
dense-dense,0.4594,0.4219,33,0.4794,0.4528,0.4536
dense-dense,0.2469,0.2187,31,0.2823,0.2799,0.4256
dense-dense,0.4096,0.4146,26,0.4387,0.4202,0.4174
dense-dense,0.408,0.3738,99,0.4495,0.4142,0.457
dense-dense,0.4016,0.4072,85,0.4027,0.4044,0.4061
dense-dense,0.4093,0.3569,40,0.5018,0.4175,0.4323
dense-dense,0.4307,0.4182,35,0.444,0.4301,0.4313
dense-dense,0.3967,0.3939,60,0.4187,0.4038,0.4223
dense-dense,0.4353,0.4215,8,0.4543,0.4371,0.4566
dense-dense,0.4222,0.4244,93,0.4519,0.4418,0.5132
dense-dense,0.4622,0.4497,67,0.4701,0.4638,0.4941
dense-dense,0.4017,0.3934,59,0.4177,0.408,0.4377
dense-dense,0.4018,0.3515,44,0.4059,0.3872,0.3886
dense-dense,0.4285,0.4202,78,0.4574,0.4408,0.4661
dense-dense,0.3966,0.388,81,0.4237,0.4051,0.4408
dense-dense,0.4303,0.4817,73,0.4815,0.474,0.4971
dense-dense,0.4385,0.4397,17,0.4901,0.4524,0.4626
dense-dense,0.4139,0.3912,72,0.4365,0.4184,0.4596
dense-dense,0.4165,0.4081,52,0.4231,0.4186,0.4471
dense-dense,0.3935,0.3857,75,0.422,0.407,0.4597
dense-dense,0.4578,0.4456,20,0.5209,0.4632,0.4465
dense-dense,0.391,0.4091,28,0.5156,0.4302,0.4291
dense-dense,0.4032,0.3947,68,0.4036,0.403,0.4225
dense-dense,0.4209,0.4512,14,0.5088,0.4562,0.4556
omnikv-dense,0.3925,0.3944,9,0.4333,0.405,0.4003
omnikv-dense,0.3483,0.3469,91,0.3839,0.3701,0.3969
omnikv-dense,0.4556,0.4489,43,0.4981,0.4653,0.4939
omnikv-dense,0.3717,0.3816,61,0.345,0.3716,0.3822
omnikv-dense,0.407,0.3812,65,0.4053,0.3967,0.4033
omnikv-dense,0.3874,0.3734,56,0.4532,0.4061,0.4709
omnikv-dense,0.3774,0.349,1,0.4797,0.39,0.3887
omnikv-dense,0.4273,0.4479,87,0.4908,0.4541,0.4719
omnikv-dense,0.4081,0.3912,46,0.477,0.4215,0.4432
omnikv-dense,0.4188,0.4065,71,0.4452,0.424,0.4467
omnikv-dense,0.3842,0.3383,19,0.4118,0.3794,0.4157
omnikv-dense,0.3969,0.3986,84,0.4854,0.4215,0.4213
omnikv-dense,0.4257,0.4224,88,0.4749,0.4378,0.4564
omnikv-dense,0.3885,0.3943,80,0.4448,0.4112,0.4216
omnikv-dense,0.3653,0.3699,89,0.3838,0.3781,0.4188
omnikv-dense,0.4164,0.3894,94,0.4648,0.4239,0.4355
omnikv-dense,0.3949,0.3916,74,0.4226,0.4031,0.4195
omnikv-dense,0.4283,0.42,25,0.429,0.4262,0.4348
omnikv-dense,0.3997,0.4052,79,0.4188,0.4094,0.4281
omnikv-dense,0.3966,0.396,7,0.5,0.419,0.4429
omnikv-dense,0.4036,0.3591,18,0.4222,0.3976,0.4502
omnikv-dense,0.4174,0.4052,100,0.4398,0.4228,0.4573
omnikv-dense,0.357,0.3477,13,0.3889,0.3645,0.3939
omnikv-dense,0.3939,0.373,5,0.421,0.396,0.4246
omnikv-dense,0.4142,0.3912,57,0.4691,0.4329,0.4725
omnikv-dense,0.4118,0.4013,62,0.4184,0.408,0.4052
omnikv-dense,0.428,0.3955,50,0.4384,0.4265,0.4557
omnikv-dense,0.4481,0.4424,27,0.4827,0.4525,0.4552
omnikv-dense,0.4272,0.43,30,0.4564,0.4401,0.4483
omnikv-dense,0.5055,0.3787,16,0.499,0.4573,0.3915
omnikv-dense,0.4056,0.4017,22,0.4271,0.4165,0.4615
omnikv-dense,0.4656,0.4433,48,0.4893,0.4718,0.4857
omnikv-dense,0.4419,0.4271,34,0.4636,0.4428,0.4577
omnikv-dense,0.404,0.3878,98,0.4474,0.411,0.4257
omnikv-dense,0.4357,0.4387,96,0.4783,0.4515,0.4616
omnikv-dense,0.3572,0.334,63,0.4547,0.3695,0.3913
omnikv-dense,0.3559,0.3721,70,0.325,0.368,0.4363
omnikv-dense,0.3814,0.3776,29,0.3959,0.3827,0.3758
omnikv-dense,0.3744,0.3635,11,0.3984,0.3847,0.3987
omnikv-dense,0.4207,0.41,49,0.4787,0.4356,0.4541
omnikv-dense,0.4213,0.3774,12,0.439,0.4149,0.4352
omnikv-dense,0.3581,0.3458,86,0.4032,0.3756,0.4368
omnikv-dense,0.4255,0.4199,38,0.4119,0.4215,0.4299
omnikv-dense,0.3596,0.3303,23,0.3994,0.366,0.3993
omnikv-dense,0.4353,0.4078,69,0.4501,0.4346,0.4717
omnikv-dense,0.3246,0.334,95,0.3097,0.327,0.3426
omnikv-dense,0.3817,0.3696,66,0.4181,0.395,0.442
omnikv-dense,0.4347,0.4233,42,0.4728,0.4459,0.4807
omnikv-dense,0.358,0.3793,45,0.3956,0.3825,0.4253
omnikv-dense,0.3306,0.255,2,0.251,0.2922,0.378
omnikv-dense,0.3663,0.3674,76,0.3833,0.3753,0.3969
omnikv-dense,0.4045,0.4429,36,0.4648,0.4352,0.44
omnikv-dense,0.4037,0.4255,53,0.4209,0.417,0.4189
omnikv-dense,0.3867,0.3578,92,0.4714,0.394,0.382
omnikv-dense,0.3333,0.3239,15,0.315,0.327,0.3405
omnikv-dense,0.4002,0.411,37,0.412,0.4082,0.4131
omnikv-dense,0.4096,0.3911,21,0.4262,0.4206,0.4878
omnikv-dense,0.3432,0.3176,97,0.4095,0.3558,0.3895
omnikv-dense,0.407,0.4489,32,0.4626,0.4395,0.4492
omnikv-dense,0.4515,0.4029,4,0.4851,0.4468,0.4763
omnikv-dense,0.3884,0.3691,51,0.4542,0.4039,0.4217
omnikv-dense,0.4306,0.4178,82,0.4373,0.4309,0.4519
omnikv-dense,0.418,0.4346,3,0.4914,0.4421,0.4448
omnikv-dense,0.4282,0.4378,24,0.4861,0.4479,0.4658
omnikv-dense,0.4184,0.4121,55,0.4436,0.4237,0.4391
omnikv-dense,0.4389,0.427,90,0.4524,0.4373,0.4421
omnikv-dense,0.4087,0.4082,77,0.4883,0.4332,0.4835
omnikv-dense,0.4314,0.3924,58,0.4421,0.4201,0.4433
omnikv-dense,0.4149,0.4059,64,0.4611,0.4219,0.4183
omnikv-dense,0.4253,0.4053,47,0.4748,0.4315,0.4601
omnikv-dense,0.4139,0.4299,39,0.3923,0.4167,0.4138
omnikv-dense,0.4172,0.397,10,0.4053,0.4085,0.4308
omnikv-dense,0.4065,0.3938,54,0.4275,0.4065,0.4029
omnikv-dense,0.4639,0.429,33,0.4835,0.4588,0.4618
omnikv-dense,0.4361,0.4222,31,0.4374,0.434,0.4437
omnikv-dense,0.3659,0.3488,26,0.4283,0.3798,0.3871
omnikv-dense,0.423,0.4058,99,0.4426,0.4232,0.4322
omnikv-dense,0.3848,0.3666,85,0.3711,0.3788,0.4043
omnikv-dense,0.3671,0.3657,40,0.5057,0.4092,0.4286
omnikv-dense,0.4285,0.413,35,0.4384,0.4273,0.4389
omnikv-dense,0.3932,0.3987,8,0.4384,0.412,0.4489
omnikv-dense,0.412,0.4288,93,0.4395,0.434,0.4886
omnikv-dense,0.4087,0.4057,67,0.436,0.4193,0.4521
omnikv-dense,0.3942,0.3823,59,0.4037,0.3964,0.4206
omnikv-dense,0.2643,0.1705,44,0.3825,0.29,0.3523
omnikv-dense,0.426,0.4023,78,0.4362,0.4221,0.4259
omnikv-dense,0.3013,0.3669,41,0.3402,0.3509,0.4131
omnikv-dense,0.4046,0.4033,81,0.4205,0.4144,0.4631
omnikv-dense,0.3912,0.3722,6,0.4175,0.4035,0.4262
omnikv-dense,0.4244,0.4337,73,0.4637,0.4466,0.4659
omnikv-dense,0.4025,0.4087,17,0.4558,0.4209,0.4398
omnikv-dense,0.3783,0.374,72,0.4161,0.3881,0.3968
omnikv-dense,0.4185,0.407,52,0.4537,0.4282,0.4792
omnikv-dense,0.3882,0.3974,75,0.4143,0.4055,0.4462
omnikv-dense,0.5812,0.5585,20,0.6387,0.5718,0.5059
omnikv-dense,0.4255,0.4058,28,0.4518,0.4228,0.4186
omnikv-dense,0.3928,0.3766,68,0.395,0.3921,0.4241
omnikv-dense,0.401,0.4419,14,0.4904,0.4404,0.4233
dense-h2o,0.3789,0.3625,9,0.4457,0.3984,0.4309
dense-h2o,0.3114,0.2134,91,0.264,0.2739,0.2479
dense-h2o,0.4157,0.4213,43,0.5011,0.4309,0.4167
dense-h2o,0.3824,0.4049,61,0.384,0.391,0.3835
dense-h2o,0.3771,0.3596,65,0.3709,0.3702,0.387
dense-h2o,0.3461,0.3027,56,0.4288,0.3613,0.4482
dense-h2o,0.4157,0.3627,1,0.4974,0.4155,0.4304
dense-h2o,0.4317,0.4254,87,0.4465,0.4386,0.4797
dense-h2o,0.4374,0.4249,46,0.479,0.4441,0.4578
dense-h2o,0.411,0.4196,71,0.4328,0.4222,0.4371
dense-h2o,0.3743,0.3834,83,0.3758,0.3784,0.3853
dense-h2o,0.4175,0.3793,19,0.4403,0.4095,0.4175
dense-h2o,0.3773,0.4149,84,0.4091,0.4038,0.4199
dense-h2o,0.4021,0.3874,88,0.4353,0.4086,0.4423
dense-h2o,0.3992,0.4007,80,0.4581,0.4211,0.4272
dense-h2o,0.4153,0.3808,89,0.4085,0.3992,0.3928
dense-h2o,0.4081,0.4004,94,0.4041,0.4054,0.4095
dense-h2o,0.404,0.395,74,0.4543,0.4141,0.4239
dense-h2o,0.37,0.3211,25,0.3521,0.3517,0.3905
dense-h2o,0.0577,0.036,79,0.0926,0.0689,0.1331
dense-h2o,0.3783,0.3971,7,0.5214,0.4156,0.4164
dense-h2o,0.4251,0.403,18,0.4419,0.4221,0.4349
dense-h2o,0.3767,0.3891,100,0.4412,0.4022,0.4352
dense-h2o,0.3562,0.3622,13,0.3897,0.3728,0.4117
dense-h2o,0.4086,0.3868,5,0.4584,0.4151,0.4355
dense-h2o,0.4031,0.4148,57,0.462,0.4284,0.4473
dense-h2o,0.4179,0.3992,62,0.4483,0.4148,0.4092
dense-h2o,0.4255,0.4281,50,0.4832,0.4423,0.4516
dense-h2o,0.4479,0.4478,27,0.4626,0.4561,0.4875
dense-h2o,0.417,0.4013,30,0.4412,0.4218,0.442
dense-h2o,0.4252,0.3865,16,0.4553,0.4303,0.4548
dense-h2o,0.357,0.3223,22,0.3689,0.3622,0.4546
dense-h2o,0.4849,0.4345,48,0.4847,0.4741,0.4962
dense-h2o,0.3922,0.3603,34,0.4352,0.3905,0.3975
dense-h2o,0.3838,0.3755,98,0.4291,0.388,0.3723
dense-h2o,0.4387,0.4484,96,0.4963,0.4668,0.5041
dense-h2o,0.3767,0.3805,63,0.4596,0.4041,0.4534
dense-h2o,0.366,0.4071,70,0.3459,0.3905,0.461
dense-h2o,0.2808,0.279,29,0.3129,0.293,0.3205
dense-h2o,0.4004,0.3887,11,0.3979,0.3973,0.401
dense-h2o,0.393,0.3881,49,0.4515,0.4105,0.4349
dense-h2o,0.3637,0.3799,86,0.4166,0.3982,0.4833
dense-h2o,0.4155,0.4316,38,0.4318,0.4283,0.4408
dense-h2o,0.4055,0.4038,23,0.4187,0.41,0.4209
dense-h2o,0.4456,0.4411,69,0.4624,0.4531,0.4836
dense-h2o,0.3919,0.4098,95,0.4306,0.4131,0.4312
dense-h2o,0.3799,0.3793,66,0.4375,0.396,0.3848
dense-h2o,0.4434,0.4534,42,0.4757,0.4557,0.449
dense-h2o,0.398,0.3905,45,0.4231,0.4044,0.4355
dense-h2o,0.2311,0.2457,2,0.2299,0.2441,0.2892
dense-h2o,0.4192,0.3939,76,0.4525,0.4252,0.4541
dense-h2o,0.4002,0.4246,36,0.4675,0.4268,0.4371
dense-h2o,0.4174,0.4448,92,0.4404,0.4289,0.3956
dense-h2o,0.386,0.322,15,0.4629,0.3847,0.386
dense-h2o,0.3898,0.3926,37,0.4378,0.4062,0.4237
dense-h2o,0.3025,0.3162,21,0.3449,0.3301,0.3753
dense-h2o,0.3582,0.3677,97,0.4125,0.3765,0.3874
dense-h2o,0.3809,0.3668,32,0.3818,0.3779,0.3983
dense-h2o,0.4355,0.4083,4,0.5291,0.4605,0.4934
dense-h2o,0.3918,0.3615,51,0.4212,0.3948,0.4248
dense-h2o,0.423,0.4063,82,0.431,0.4254,0.4661
dense-h2o,0.426,0.4239,3,0.4875,0.4404,0.4505
dense-h2o,0.4249,0.4202,24,0.4871,0.4407,0.4636
dense-h2o,0.3957,0.3962,55,0.4195,0.4009,0.3946
dense-h2o,0.4004,0.3691,90,0.4537,0.4028,0.4211
dense-h2o,0.3806,0.3979,77,0.4634,0.4142,0.4626
dense-h2o,0.4091,0.383,58,0.4163,0.4029,0.431
dense-h2o,0.3819,0.4026,64,0.4209,0.3967,0.3702
dense-h2o,0.44,0.4218,47,0.4913,0.4438,0.4548
dense-h2o,0.4199,0.4282,39,0.4337,0.4262,0.4261
dense-h2o,0.408,0.3935,10,0.4069,0.4026,0.4125
dense-h2o,0.4489,0.4521,54,0.4603,0.4528,0.4494
dense-h2o,0.4594,0.4213,33,0.4107,0.4335,0.4554
dense-h2o,0.4339,0.4317,31,0.4596,0.4464,0.4705
dense-h2o,0.3735,0.3598,26,0.4175,0.3821,0.3824
dense-h2o,0.3078,0.2807,99,0.3728,0.3177,0.329
dense-h2o,0.3651,0.3704,85,0.4178,0.3881,0.4408
dense-h2o,0.3846,0.3848,40,0.4296,0.3997,0.4216
dense-h2o,0.4302,0.4211,35,0.4493,0.4353,0.4508
dense-h2o,0.4055,0.4127,60,0.4293,0.4206,0.4613
dense-h2o,0.3741,0.3584,8,0.3999,0.3751,0.3818
dense-h2o,0.4181,0.4346,93,0.439,0.4364,0.4797
dense-h2o,0.4305,0.4344,67,0.4452,0.4437,0.4958
dense-h2o,0.4294,0.4067,78,0.4204,0.4257,0.4515
dense-h2o,0.3038,0.1848,41,0.2081,0.2439,0.3031
dense-h2o,0.4342,0.4431,81,0.4515,0.4467,0.4793
dense-h2o,0.4014,0.3537,6,0.398,0.3952,0.4128
dense-h2o,0.4256,0.3979,73,0.3915,0.4068,0.413
dense-h2o,0.4279,0.4518,17,0.4877,0.4549,0.4708
dense-h2o,0.4244,0.3925,72,0.4596,0.425,0.4398
dense-h2o,0.421,0.419,52,0.4847,0.4394,0.4777
dense-h2o,0.4126,0.3954,75,0.4357,0.4205,0.4682
dense-h2o,0.5753,0.5339,20,0.6039,0.5542,0.4992
dense-h2o,0.4296,0.4188,28,0.5046,0.4443,0.4472
dense-h2o,0.3845,0.3752,68,0.3789,0.3879,0.4403
dense-h2o,0.4123,0.4286,14,0.4868,0.4484,0.5202
omnikv-h2o,0.3884,0.396,9,0.4742,0.417,0.4046
omnikv-h2o,0.4022,0.3032,91,0.4109,0.3978,0.4105
omnikv-h2o,0.4352,0.4268,43,0.4709,0.4378,0.4397
omnikv-h2o,0.3375,0.3402,61,0.3178,0.336,0.3463
omnikv-h2o,0.369,0.3605,65,0.3803,0.3723,0.3936
omnikv-h2o,0.3877,0.3611,56,0.4715,0.4092,0.4829
omnikv-h2o,0.4146,0.3785,1,0.4743,0.4182,0.4612
omnikv-h2o,0.4053,0.4088,87,0.4577,0.4235,0.4495
omnikv-h2o,0.4549,0.4142,46,0.5017,0.4576,0.5072
omnikv-h2o,0.4443,0.4643,71,0.4721,0.4643,0.4972
omnikv-h2o,0.4211,0.391,19,0.4574,0.4226,0.4527
omnikv-h2o,0.3638,0.3863,84,0.4317,0.3995,0.4615
omnikv-h2o,0.4158,0.3938,88,0.4516,0.421,0.4617
omnikv-h2o,0.3458,0.3676,80,0.4427,0.3914,0.4192
omnikv-h2o,0.4213,0.404,89,0.4312,0.4174,0.4164
omnikv-h2o,0.3865,0.3938,94,0.3941,0.3915,0.3946
omnikv-h2o,0.4285,0.4731,74,0.4443,0.4478,0.4339
omnikv-h2o,0.399,0.4242,25,0.4103,0.4131,0.4186
omnikv-h2o,0.3831,0.3791,79,0.3659,0.3827,0.4217
omnikv-h2o,0.4033,0.4102,7,0.4691,0.4194,0.4229
omnikv-h2o,0.429,0.4085,18,0.4876,0.4431,0.4814
omnikv-h2o,0.4103,0.4139,100,0.432,0.42,0.44
omnikv-h2o,0.3345,0.3333,13,0.3165,0.3494,0.4423
omnikv-h2o,0.4131,0.4069,5,0.4428,0.4202,0.4369
omnikv-h2o,0.3523,0.4337,57,0.441,0.4121,0.4567
omnikv-h2o,0.3797,0.3733,62,0.3976,0.386,0.4165
omnikv-h2o,0.3926,0.3564,50,0.3988,0.3876,0.4094
omnikv-h2o,0.4379,0.459,27,0.4856,0.4635,0.5015
omnikv-h2o,0.4568,0.4466,30,0.4566,0.4523,0.4511
omnikv-h2o,0.4115,0.3705,16,0.4251,0.4105,0.4405
omnikv-h2o,0.4283,0.4293,22,0.4418,0.4327,0.4347
omnikv-h2o,0.4824,0.4553,48,0.5086,0.4892,0.5077
omnikv-h2o,0.4438,0.4086,34,0.4563,0.4322,0.4343
omnikv-h2o,0.414,0.4005,98,0.4283,0.4058,0.3791
omnikv-h2o,0.4503,0.4591,96,0.4849,0.4628,0.4543
omnikv-h2o,0.3798,0.378,63,0.4759,0.4036,0.4364
omnikv-h2o,0.4065,0.4045,70,0.3932,0.4093,0.4464
omnikv-h2o,0.3653,0.3602,29,0.3775,0.3715,0.4039
omnikv-h2o,0.3615,0.3327,11,0.3644,0.3671,0.4119
omnikv-h2o,0.4163,0.3978,49,0.4511,0.4231,0.4542
omnikv-h2o,0.3599,0.3382,12,0.3867,0.3671,0.3995
omnikv-h2o,0.3737,0.394,86,0.4118,0.3965,0.4272
omnikv-h2o,0.4483,0.4393,38,0.4269,0.4405,0.4453
omnikv-h2o,0.3755,0.3752,23,0.4358,0.3968,0.4273
omnikv-h2o,0.439,0.4282,69,0.4492,0.4412,0.4651
omnikv-h2o,0.3931,0.4037,95,0.391,0.4028,0.4372
omnikv-h2o,0.3539,0.3483,66,0.4022,0.3723,0.4115
omnikv-h2o,0.4267,0.4312,42,0.4637,0.441,0.456
omnikv-h2o,0.3101,0.3327,45,0.3746,0.3483,0.4301
omnikv-h2o,0.3224,0.3467,2,0.36,0.3442,0.3544
omnikv-h2o,0.4353,0.4237,76,0.4519,0.4385,0.4541
omnikv-h2o,0.437,0.4415,36,0.4589,0.4455,0.4579
omnikv-h2o,0.3409,0.404,53,0.4122,0.3852,0.3955
omnikv-h2o,0.3992,0.4139,92,0.4717,0.4172,0.3822
omnikv-h2o,0.3478,0.3293,15,0.3961,0.3564,0.3763
omnikv-h2o,0.4042,0.4022,37,0.4364,0.4135,0.4276
omnikv-h2o,0.4076,0.4017,21,0.4499,0.4264,0.4571
omnikv-h2o,0.3897,0.3576,97,0.463,0.3959,0.3966
omnikv-h2o,0.43,0.3839,32,0.4425,0.4161,0.4308
omnikv-h2o,0.3942,0.3824,4,0.5193,0.443,0.5205
omnikv-h2o,0.3867,0.3758,51,0.461,0.412,0.4536
omnikv-h2o,0.4104,0.4127,82,0.4493,0.425,0.4503
omnikv-h2o,0.3877,0.408,3,0.4794,0.4194,0.4288
omnikv-h2o,0.4415,0.4023,24,0.4758,0.4339,0.4426
omnikv-h2o,0.4229,0.4281,55,0.4079,0.417,0.3774
omnikv-h2o,0.4222,0.4115,90,0.4446,0.4244,0.436
omnikv-h2o,0.3495,0.3623,77,0.4567,0.3876,0.4376
omnikv-h2o,0.3904,0.3508,58,0.3972,0.3785,0.406
omnikv-h2o,0.407,0.3962,64,0.4233,0.4059,0.4037
omnikv-h2o,0.4183,0.4187,47,0.4509,0.4255,0.4288
omnikv-h2o,0.4362,0.4636,39,0.4421,0.4475,0.4366
omnikv-h2o,0.4145,0.4029,10,0.4187,0.4193,0.4842
omnikv-h2o,0.4433,0.4552,54,0.4585,0.451,0.4402
omnikv-h2o,0.4531,0.435,33,0.4553,0.4474,0.4472
omnikv-h2o,0.4154,0.4108,31,0.4383,0.4247,0.4404
omnikv-h2o,0.3768,0.3579,26,0.4185,0.3823,0.3825
omnikv-h2o,0.3333,0.2829,99,0.3595,0.3288,0.3619
omnikv-h2o,0.3695,0.3678,85,0.3807,0.371,0.3697
omnikv-h2o,0.4379,0.3877,40,0.5176,0.4421,0.4373
omnikv-h2o,0.4201,0.4116,35,0.4182,0.4172,0.4261
omnikv-h2o,0.3649,0.3648,60,0.39,0.375,0.3995
omnikv-h2o,0.4199,0.4154,8,0.4298,0.423,0.4423
omnikv-h2o,0.421,0.4242,93,0.4286,0.4306,0.4717
omnikv-h2o,0.3868,0.3832,67,0.4002,0.397,0.4506
omnikv-h2o,0.392,0.3645,59,0.4031,0.3841,0.3889
omnikv-h2o,0.3374,0.2874,44,0.3444,0.3288,0.361
omnikv-h2o,0.4133,0.4091,78,0.4212,0.4176,0.4299
omnikv-h2o,0.2661,0.3719,41,0.3359,0.3404,0.3979
omnikv-h2o,0.4214,0.4093,81,0.4291,0.4212,0.4438
omnikv-h2o,0.407,0.437,6,0.4033,0.4128,0.4154
omnikv-h2o,0.4024,0.4599,73,0.4664,0.4491,0.4606
omnikv-h2o,0.4281,0.4202,17,0.4585,0.4358,0.4602
omnikv-h2o,0.3855,0.3732,72,0.4059,0.3909,0.4168
omnikv-h2o,0.4128,0.4024,52,0.4724,0.4221,0.4318
omnikv-h2o,0.409,0.3939,75,0.4172,0.4109,0.4458
omnikv-h2o,0.4085,0.373,20,0.5092,0.4141,0.3996
omnikv-h2o,0.4103,0.3855,28,0.4188,0.4042,0.4173
omnikv-h2o,0.3415,0.3526,68,0.3697,0.3626,0.4154
omnikv-h2o,0.3894,0.5378,14,0.5744,0.492,0.447
dense-snapkv,0.3587,0.3686,9,0.4275,0.3854,0.3925
dense-snapkv,0.3919,0.3078,91,0.439,0.4044,0.4115
dense-snapkv,0.4276,0.4654,43,0.5003,0.4642,0.4877
dense-snapkv,0.3703,0.362,61,0.3836,0.3724,0.3846
dense-snapkv,0.3712,0.3531,65,0.3913,0.3722,0.3836
dense-snapkv,0.3848,0.3392,56,0.4342,0.3912,0.499
dense-snapkv,0.4097,0.367,1,0.512,0.417,0.4132
dense-snapkv,0.4122,0.4072,87,0.4601,0.4235,0.4353
dense-snapkv,0.4464,0.4137,46,0.4959,0.4496,0.4802
dense-snapkv,0.3904,0.4196,71,0.4123,0.416,0.4711
dense-snapkv,0.3726,0.3915,83,0.3989,0.3897,0.4068
dense-snapkv,0.4362,0.4167,19,0.4576,0.4366,0.4581
dense-snapkv,0.3596,0.3635,84,0.396,0.3743,0.4009
dense-snapkv,0.4055,0.3879,88,0.4415,0.4093,0.4323
dense-snapkv,0.3782,0.3884,80,0.4345,0.403,0.4193
dense-snapkv,0.4154,0.421,89,0.4336,0.4242,0.4335
dense-snapkv,0.433,0.4062,94,0.44,0.4278,0.4344
dense-snapkv,0.4049,0.4219,74,0.4194,0.4161,0.4214
dense-snapkv,0.3032,0.2399,25,0.2505,0.2679,0.2834
dense-snapkv,0.3211,0.3198,79,0.3273,0.3197,0.3002
dense-snapkv,0.3473,0.3419,7,0.5209,0.3807,0.4043
dense-snapkv,0.3422,0.2143,18,0.3636,0.3104,0.3937
dense-snapkv,0.3944,0.4254,100,0.4513,0.4223,0.4313
dense-snapkv,0.3272,0.3031,13,0.4107,0.3383,0.362
dense-snapkv,0.379,0.38,5,0.4379,0.3985,0.425
dense-snapkv,0.4075,0.4189,57,0.4359,0.4296,0.4775
dense-snapkv,0.4331,0.4115,62,0.4436,0.4252,0.4228
dense-snapkv,0.4324,0.4061,50,0.4708,0.441,0.4715
dense-snapkv,0.4509,0.437,27,0.4612,0.4537,0.4956
dense-snapkv,0.4241,0.4155,30,0.4493,0.431,0.4405
dense-snapkv,0.4344,0.3673,16,0.4557,0.4206,0.4006
dense-snapkv,0.4017,0.3598,22,0.4044,0.3938,0.4414
dense-snapkv,0.4761,0.4425,48,0.4976,0.4775,0.4873
dense-snapkv,0.406,0.4092,34,0.4316,0.4107,0.384
dense-snapkv,0.3836,0.359,98,0.4144,0.381,0.3857
dense-snapkv,0.4301,0.4369,96,0.4922,0.455,0.4743
dense-snapkv,0.3777,0.3615,63,0.4961,0.3953,0.406
dense-snapkv,0.3917,0.3916,70,0.3534,0.3905,0.4358
dense-snapkv,0.3774,0.3747,29,0.3918,0.3823,0.3963
dense-snapkv,0.3932,0.3085,11,0.3816,0.3733,0.391
dense-snapkv,0.4071,0.3948,49,0.481,0.423,0.4214
dense-snapkv,0.1658,0.0422,12,0.1209,0.1291,0.2545
dense-snapkv,0.3529,0.3586,86,0.4009,0.381,0.4559
dense-snapkv,0.3964,0.3894,38,0.3818,0.3907,0.3941
dense-snapkv,0.3863,0.3538,23,0.4548,0.3982,0.4276
dense-snapkv,0.4391,0.4303,69,0.4496,0.4382,0.4395
dense-snapkv,0.3956,0.3853,95,0.4313,0.4026,0.4051
dense-snapkv,0.323,0.3337,66,0.3985,0.3569,0.4015
dense-snapkv,0.4573,0.4434,42,0.4721,0.4542,0.4364
dense-snapkv,0.395,0.3891,45,0.408,0.4007,0.4374
dense-snapkv,0.3111,0.3445,2,0.3241,0.3332,0.3592
dense-snapkv,0.4229,0.4004,76,0.4246,0.4185,0.4383
dense-snapkv,0.3764,0.3906,36,0.4655,0.4073,0.4384
dense-snapkv,0.3893,0.4123,53,0.5047,0.4263,0.4515
dense-snapkv,0.3843,0.37,92,0.497,0.4067,0.4068
dense-snapkv,0.3739,0.3614,15,0.3946,0.3752,0.3848
dense-snapkv,0.3893,0.3971,37,0.4421,0.4123,0.4554
dense-snapkv,0.4294,0.4248,21,0.4613,0.445,0.4786
dense-snapkv,0.3781,0.3601,97,0.4502,0.3895,0.3913
dense-snapkv,0.3405,0.3295,32,0.4122,0.3603,0.4052
dense-snapkv,0.3911,0.3853,4,0.5119,0.4374,0.5
dense-snapkv,0.3986,0.3786,51,0.4492,0.4087,0.4263
dense-snapkv,0.3987,0.4133,82,0.404,0.4138,0.4587
dense-snapkv,0.3933,0.4101,3,0.4962,0.429,0.4534
dense-snapkv,0.4261,0.4004,24,0.488,0.4345,0.4607
dense-snapkv,0.4326,0.4367,55,0.4383,0.4357,0.4356
dense-snapkv,0.371,0.3655,90,0.415,0.3824,0.4061
dense-snapkv,0.3837,0.3778,77,0.4799,0.4107,0.4609
dense-snapkv,0.3881,0.3737,58,0.4194,0.3949,0.4408
dense-snapkv,0.4195,0.4192,64,0.4398,0.4217,0.4039
dense-snapkv,0.422,0.4211,47,0.4715,0.4396,0.4808
dense-snapkv,0.3831,0.3955,39,0.3928,0.3949,0.4153
dense-snapkv,0.3955,0.3216,10,0.3523,0.3576,0.3882
dense-snapkv,0.4124,0.391,54,0.4174,0.4076,0.432
dense-snapkv,0.4617,0.4135,33,0.4695,0.4489,0.4583
dense-snapkv,0.4033,0.4087,31,0.3954,0.4032,0.41
dense-snapkv,0.4182,0.3936,26,0.4309,0.411,0.4011
dense-snapkv,0.3914,0.3825,85,0.4136,0.398,0.4293
dense-snapkv,0.3755,0.3811,40,0.4179,0.3872,0.3727
dense-snapkv,0.4528,0.4392,35,0.4585,0.4509,0.4628
dense-snapkv,0.3637,0.3818,60,0.3958,0.3847,0.4209
dense-snapkv,0.4251,0.4053,8,0.4522,0.4291,0.4665
dense-snapkv,0.3972,0.4311,93,0.4277,0.4206,0.4396
dense-snapkv,0.3131,0.1362,67,0.2578,0.2626,0.3988
dense-snapkv,0.4221,0.4078,59,0.4225,0.4203,0.4398
dense-snapkv,0.3008,0.2743,44,0.3021,0.3064,0.3825
dense-snapkv,0.3885,0.3392,78,0.3529,0.3693,0.399
dense-snapkv,0.2489,0.2119,41,0.1169,0.2148,0.2675
dense-snapkv,0.4101,0.4001,81,0.407,0.4087,0.4374
dense-snapkv,0.4136,0.3666,6,0.4325,0.4147,0.4269
dense-snapkv,0.4239,0.4782,73,0.4814,0.4714,0.4957
dense-snapkv,0.4482,0.4386,17,0.4743,0.4513,0.4589
dense-snapkv,0.3821,0.3993,72,0.3706,0.3891,0.4071
dense-snapkv,0.4447,0.4288,52,0.4701,0.4451,0.4591
dense-snapkv,0.4284,0.4164,75,0.4601,0.4396,0.4836
dense-snapkv,0.4412,0.3778,20,0.5374,0.4362,0.4341
dense-snapkv,0.4349,0.4163,28,0.4732,0.4368,0.4392
dense-snapkv,0.4022,0.3766,68,0.4351,0.4078,0.447
dense-snapkv,0.4092,0.3724,14,0.459,0.4132,0.464
omnikv-snapkv,0.365,0.3442,9,0.3909,0.3688,0.3904
omnikv-snapkv,0.4123,0.361,91,0.4359,0.4175,0.4232
omnikv-snapkv,0.4638,0.4739,43,0.4885,0.471,0.4611
omnikv-snapkv,0.2908,0.3046,61,0.2318,0.2911,0.3314
omnikv-snapkv,0.3286,0.2614,56,0.4085,0.3315,0.415
omnikv-snapkv,0.4018,0.3768,1,0.5099,0.4183,0.4337
omnikv-snapkv,0.4054,0.4017,87,0.4277,0.4154,0.4566
omnikv-snapkv,0.3967,0.3965,46,0.4224,0.4119,0.4604
omnikv-snapkv,0.4247,0.4444,71,0.4571,0.4481,0.4978
omnikv-snapkv,0.3386,0.3278,83,0.3565,0.346,0.3687
omnikv-snapkv,0.3643,0.3384,19,0.4201,0.3746,0.4159
omnikv-snapkv,0.3672,0.3854,84,0.4014,0.3888,0.4276
omnikv-snapkv,0.4002,0.3833,88,0.417,0.4032,0.4443
omnikv-snapkv,0.3815,0.3777,80,0.4702,0.4141,0.4327
omnikv-snapkv,0.4039,0.4239,89,0.4337,0.4227,0.4375
omnikv-snapkv,0.3811,0.3342,94,0.4124,0.3811,0.4063
omnikv-snapkv,0.4265,0.4124,74,0.4654,0.4289,0.419
omnikv-snapkv,0.4218,0.4135,25,0.4264,0.4197,0.422
omnikv-snapkv,0.3003,0.326,79,0.3208,0.3248,0.3852
omnikv-snapkv,0.3671,0.3663,7,0.4176,0.3779,0.3902
omnikv-snapkv,0.3526,0.337,18,0.4045,0.368,0.4123
omnikv-snapkv,0.395,0.3904,100,0.4454,0.4114,0.4536
omnikv-snapkv,0.3457,0.3655,13,0.3046,0.3601,0.424
omnikv-snapkv,0.3652,0.3609,5,0.4319,0.3828,0.3918
omnikv-snapkv,0.4181,0.4063,57,0.4549,0.4242,0.4177
omnikv-snapkv,0.4146,0.3827,62,0.4257,0.408,0.4365
omnikv-snapkv,0.4073,0.3716,50,0.4318,0.4061,0.4248
omnikv-snapkv,0.4331,0.4188,27,0.4427,0.4318,0.452
omnikv-snapkv,0.4427,0.4438,30,0.4249,0.4369,0.437
omnikv-snapkv,0.4167,0.3799,16,0.4388,0.4129,0.4013
omnikv-snapkv,0.4249,0.4272,22,0.4244,0.428,0.4435
omnikv-snapkv,0.4575,0.4127,48,0.4806,0.4637,0.5113
omnikv-snapkv,0.4316,0.4031,34,0.4428,0.4198,0.4011
omnikv-snapkv,0.4468,0.442,98,0.4689,0.4534,0.4695
omnikv-snapkv,0.4142,0.4142,96,0.4978,0.4425,0.4572
omnikv-snapkv,0.3901,0.4106,63,0.5023,0.4247,0.4491
omnikv-snapkv,0.3782,0.377,70,0.361,0.3816,0.4247
omnikv-snapkv,0.3402,0.3523,29,0.3556,0.3494,0.355
omnikv-snapkv,0.4271,0.3825,11,0.4399,0.4187,0.4035
omnikv-snapkv,0.3563,0.3346,49,0.4452,0.3786,0.4192
omnikv-snapkv,0.3552,0.3666,12,0.3996,0.3796,0.405
omnikv-snapkv,0.3595,0.3665,86,0.4151,0.3772,0.3834
omnikv-snapkv,0.4379,0.4393,38,0.4126,0.4325,0.4322
omnikv-snapkv,0.4315,0.412,23,0.4421,0.4281,0.4344
omnikv-snapkv,0.4404,0.4397,69,0.4605,0.448,0.466
omnikv-snapkv,0.381,0.3681,95,0.4376,0.3998,0.4347
omnikv-snapkv,0.3469,0.368,66,0.3758,0.3726,0.432
omnikv-snapkv,0.418,0.4018,42,0.4743,0.4327,0.461
omnikv-snapkv,0.3737,0.3677,45,0.3977,0.3837,0.4329
omnikv-snapkv,0.3502,0.3842,2,0.4016,0.3849,0.4273
omnikv-snapkv,0.4396,0.4139,76,0.4584,0.4411,0.4725
omnikv-snapkv,0.3948,0.4104,36,0.4571,0.4176,0.4341
omnikv-snapkv,0.4133,0.4485,53,0.5081,0.4465,0.4459
omnikv-snapkv,0.2652,0.2785,92,0.4676,0.3366,0.3816
omnikv-snapkv,0.3974,0.3619,15,0.4357,0.3932,0.3935
omnikv-snapkv,0.3701,0.3741,37,0.3965,0.3761,0.3629
omnikv-snapkv,0.4357,0.4271,21,0.4406,0.4399,0.4734
omnikv-snapkv,0.3321,0.2797,97,0.4124,0.3423,0.3897
omnikv-snapkv,0.4135,0.3958,32,0.4741,0.4237,0.4339
omnikv-snapkv,0.4356,0.4103,4,0.514,0.4567,0.4958
omnikv-snapkv,0.2753,0.2819,51,0.3123,0.2951,0.3337
omnikv-snapkv,0.3929,0.3975,82,0.4215,0.4137,0.4827
omnikv-snapkv,0.3958,0.4223,3,0.468,0.4275,0.4467
omnikv-snapkv,0.4273,0.4077,24,0.472,0.4332,0.4544
omnikv-snapkv,0.3835,0.3782,55,0.4165,0.389,0.3857
omnikv-snapkv,0.3993,0.384,90,0.4196,0.4047,0.4483
omnikv-snapkv,0.3751,0.3621,77,0.4925,0.409,0.485
omnikv-snapkv,0.3892,0.3826,58,0.4219,0.3974,0.429
omnikv-snapkv,0.3885,0.4065,64,0.4035,0.3984,0.3877
omnikv-snapkv,0.3872,0.3818,47,0.5041,0.4143,0.4392
omnikv-snapkv,0.3798,0.3837,39,0.3686,0.3845,0.4085
omnikv-snapkv,0.4499,0.4446,10,0.4466,0.4525,0.4942
omnikv-snapkv,0.362,0.3289,54,0.3748,0.3532,0.3636
omnikv-snapkv,0.4584,0.4302,33,0.4502,0.4445,0.4346
omnikv-snapkv,0.4359,0.4223,31,0.4624,0.4421,0.4458
omnikv-snapkv,0.3881,0.386,26,0.4165,0.3951,0.3893
omnikv-snapkv,0.4012,0.3493,99,0.4423,0.3973,0.4174
omnikv-snapkv,0.4092,0.3759,85,0.4073,0.3995,0.4217
omnikv-snapkv,0.3401,0.3569,40,0.4143,0.3721,0.4014
omnikv-snapkv,0.4116,0.4017,35,0.4328,0.4183,0.4414
omnikv-snapkv,0.4208,0.4179,60,0.4322,0.4249,0.4414
omnikv-snapkv,0.407,0.3715,8,0.4298,0.404,0.4446
omnikv-snapkv,0.4249,0.3924,93,0.4551,0.4262,0.4593
omnikv-snapkv,0.4164,0.4037,67,0.4415,0.421,0.4441
omnikv-snapkv,0.3992,0.3962,59,0.4059,0.4036,0.4241
omnikv-snapkv,0.3962,0.345,44,0.4422,0.3958,0.3986
omnikv-snapkv,0.4349,0.4041,78,0.435,0.4272,0.437
omnikv-snapkv,0.2977,0.3623,41,0.3514,0.3494,0.4113
omnikv-snapkv,0.4401,0.4408,81,0.446,0.4464,0.483
omnikv-snapkv,0.4034,0.3784,6,0.4058,0.4062,0.4321
omnikv-snapkv,0.3662,0.3965,73,0.4218,0.3983,0.4058
omnikv-snapkv,0.4321,0.4245,17,0.4533,0.4337,0.4354
omnikv-snapkv,0.3969,0.4059,72,0.4294,0.4152,0.4506
omnikv-snapkv,0.4117,0.4079,52,0.4337,0.4167,0.4317
omnikv-snapkv,0.4284,0.4188,75,0.4435,0.434,0.4658
omnikv-snapkv,0.5113,0.434,20,0.5668,0.4901,0.4785
omnikv-snapkv,0.4063,0.3955,28,0.4537,0.415,0.4244
omnikv-snapkv,0.3983,0.3953,68,0.3946,0.3983,0.4125
omnikv-snapkv,0.3156,0.3752,14,0.4465,0.3806,0.4139
